X,Toxic_1,Toxic_1_RK,Toxic_2,Toxic_2_RK,Toxic_3,Toxic_3_RK,Toxic_4,Toxic_4_RK,Toxic_5,Toxic_5_RK,Toxic_6,Toxic_6_RK,Toxic_7,Toxic_7_RK,Toxic_8,Toxic_8_RK,Toxic_9,Toxic_9_RK,Toxic_10,Toxic_10_RK,Toxic_11,Toxic_11_RK,Toxic_12,Toxic_12_RK,Toxic_13,Toxic_13_RK,Toxic_14,Toxic_14_RK,Toxic_15,Toxic_15_RK,Toxic_16,Toxic_16_RK,Toxic_17,Toxic_17_RK,Toxic_18,Toxic_18_RK,Toxic_19,Toxic_19_RK,Toxic_20,Toxic_20_RK,Toxic_21,Toxic_21_RK,Toxic_22,Toxic_22_RK,Toxic_23,Toxic_23_RK,Toxic_24,Toxic_24_RK,Toxic_25,Toxic_25_RK,Toxic_26,Toxic_26_RK,Toxic_27,Toxic_27_RK,Toxic_28,Toxic_28_RK,Toxic_29,Toxic_29_RK,Toxic_30,Toxic_30_RK,liking,affective_trust,cognitive_trust,OCBI,OCBO,Commitment
1,1,2,2,2,2,1,1,1,3,1,1,2,5,2,1,2,3,1,1,2,1,2,4,2,1,2,3,2,1,2,1,2,1,2,2,2,3,2,2,1,3,2,2,2,3,2,2,2,2,2,1,1,1,2,2,2,1,2,1,2,5,4.8,5.333333333,5.25,5.25,6
2,5,2,4,1,4,1,5,2,5,2,4,2,4,2,4,2,4,2,5,2,4,2,4,2,4,2,4,1,2,2,2,2,4,1,4,2,4,2,5,2,5,1,5,1,5,1,4,1,5,1,5,2,3,2,4,1,5,1,5,1,1,1,1,7,6.875,5.142857143
3,1,1,1,2,1,2,1,1,1,1,1,2,2,1,2,2,1,1,1,2,1,2,1,2,1,2,1,2,1,2,3,1,1,2,1,2,4,1,1,2,3,1,3,1,3,1,4,1,1,2,1,1,2,2,2,2,1,1,1,2,6,5.4,6.666666667,6.25,5.875,5.714285714
4,4,2,3,2,4,2,2,2,2,2,3,1,4,1,1,1,3,2,2,1,5,1,2,2,1,1,1,1,1,1,4,1,2,1,1,1,3,1,3,1,3,1,4,1,3,2,4,2,4,1,4,1,2,1,4,1,2,1,3,1,1.5,1.2,3,5.25,3.875,4.571428571
5,4,1,4,1,3,1,5,1,4,2,3,1,3,1,4,1,4,1,4,1,4,1,3,1,3,2,4,2,1,2,5,2,3,2,4,1,3,1,5,1,5,2,5,2,5,2,5,2,5,1,5,1,4,1,4,1,5,1,1,1,2.5,4.2,3.833333333,3.25,2.125,2.285714286
6,1,1,1,1,1,2,1,1,1,2,1,2,2,2,1,2,1,1,1,1,1,2,1,1,1,1,1,2,1,2,1,2,1,2,1,1,1,2,1,2,1,2,2,1,2,2,3,2,3,1,1,1,1,2,1,2,1,2,1,2,5.75,6,6.333333333,5.5,6.375,5.428571429
7,5,2,4,2,4,2,2,2,3,1,1,2,3,2,2,2,2,2,2,2,3,2,1,2,3,1,3,1,2,2,4,1,4,2,4,2,3,2,1,2,2,2,3,2,3,2,2,2,1,2,1,1,2,2,2,1,4,1,3,2,5.5,3,6,5.125,5.5,5.142857143
8,1,2,1,2,1,2,1,2,1,2,1,2,2,2,1,1,1,1,1,2,1,2,1,2,1,2,1,2,1,2,5,2,2,1,1,2,4,1,1,2,2,2,4,2,4,2,2,2,4,1,1,2,1,1,1,1,1,1,1,2,6,5.6,6.333333333,5.5,5.375,5.571428571
9,1,2,1,2,1,1,1,1,1,1,1,1,1,2,1,1,1,2,1,2,1,2,1,2,1,2,2,1,1,2,2,2,2,1,1,2,1,2,1,2,1,1,4,1,5,1,2,2,2,1,1,2,1,2,2,1,1,2,1,2,5.5,5.2,5.833333333,6,5.375,7
10,4,1,2,2,2,1,2,2,2,1,1,1,2,1,2,1,2,1,1,1,2,1,1,2,1,1,3,2,3,1,3,2,3,2,3,1,3,2,2,2,1,1,2,1,3,1,3,2,1,1,1,1,2,1,2,1,3,1,2,1,5,3.4,5.166666667,5.75,3.5,3.428571429
11,2,2,2,1,3,1,4,1,4,2,4,1,5,2,3,1,4,1,4,1,2,2,1,2,4,2,5,2,2,1,4,2,4,1,3,2,4,1,1,2,3,1,4,2,4,1,4,1,2,1,3,2,2,2,4,2,2,1,2,2,2.5,3,3,6,4.5,3.857142857
12,1,1,1,2,1,1,1,1,1,2,1,1,1,1,1,1,1,2,1,2,1,2,1,2,1,2,1,2,1,2,1,2,1,2,1,2,1,2,1,2,1,2,1,2,1,2,3,2,1,1,1,2,1,2,1,1,1,2,1,1,6,5.6,6.5,6.5,5.125,5.285714286
13,5,2,5,2,5,1,3,1,4,2,2,2,1,2,4,2,1,1,1,2,3,1,1,1,1,1,4,2,2,2,1,2,2,2,2,2,2,1,4,2,3,2,5,1,4,1,3,1,5,2,2,1,4,1,4,2,5,2,3,1,1,1,1.333333333,5,3.25,1.428571429
14,2,2,3,2,1,2,2,2,1,2,1,2,2,2,1,2,1,2,1,2,1,2,1,2,1,2,1,2,1,2,1,2,2,2,1,2,3,2,1,2,2,2,3,2,2,2,1,2,2,2,1,2,1,2,1,2,1,2,2,2,7,5.2,6.833333333,6.25,5.375,3.285714286
15,4,1,4,1,5,2,5,2,4,1,5,1,4,1,5,1,4,1,4,1,5,1,5,2,3,1,5,2,4,1,3,2,5,2,4,2,3,2,3,1,3,2,1,2,2,2,3,2,4,1,4,1,4,2,4,1,5,1,2,1,1.5,1.6,2.833333333,5.625,2,4.285714286
16,4,1,4,1,4,2,3,1,3,2,4,2,3,2,2,2,3,2,4,2,4,1,2,2,4,2,3,2,2,2,4,2,4,2,3,2,4,1,2,2,3,2,3,2,3,2,3,2,3,1,1,2,2,2,1,2,2,2,1,2,2.25,2,3,3.5,5,4.285714286
17,5,1,3,1,3,2,3,2,3,1,2,2,4,1,3,1,2,2,2,2,5,1,2,2,1,2,2,1,1,1,1,2,4,1,2,1,3,1,3,1,5,1,4,2,4,2,2,2,4,1,2,2,3,1,4,2,2,1,2,1,4.5,2,4.5,4.75,3.75,3.857142857
18,4,2,1,1,1,2,1,2,1,2,1,2,1,2,1,2,1,2,1,2,1,2,1,2,1,2,1,1,1,2,1,2,1,2,1,2,1,2,1,2,1,2,1,2,3,2,4,2,1,2,1,2,1,2,1,1,1,1,1,2,5.75,4.2,5.166666667,3.875,5.75,6.428571429
19,3,1,1,1,2,1,2,2,1,1,2,1,1,1,2,2,1,2,1,2,2,1,2,2,1,2,2,1,2,2,2,2,1,2,2,2,5,2,1,1,3,2,3,2,3,2,3,2,2,2,2,1,3,1,4,2,3,1,1,1,5.5,3.6,6,4.5,6.125,5.857142857
20,2,2,3,2,2,2,2,2,2,2,3,1,4,2,2,1,1,1,1,2,1,1,1,1,1,1,2,2,1,2,2,1,2,1,1,2,3,2,2,2,4,1,4,1,4,1,4,1,2,2,1,1,1,1,2,2,2,1,2,2,7,4.6,5.666666667,3.375,6.625,7
21,4,2,2,1,2,1,2,2,2,2,1,2,1,2,2,1,2,2,2,2,2,2,2,2,1,2,3,2,2,2,4,1,2,1,4,2,1,2,2,2,4,2,4,2,4,1,2,1,4,1,2,2,2,2,3,1,2,1,4,2,5.25,5.2,5.833333333,5.75,5.625,5.285714286
22,2,1,4,1,1,2,3,2,2,1,1,2,2,1,1,1,1,1,1,1,1,1,1,1,1,1,4,2,1,2,2,2,2,1,2,2,1,2,2,2,1,2,1,2,3,1,3,2,4,1,1,1,2,1,1,1,2,1,1,2,6,5,6.5,5.375,4.625,5.285714286
23,4,2,2,2,2,2,2,2,3,2,2,2,3,1,1,2,3,1,2,2,3,1,2,2,4,2,2,1,2,2,5,1,3,2,3,2,4,1,3,2,1,2,3,2,4,2,3,2,2,2,2,2,2,2,3,2,3,2,3,1,4.5,4.4,4,6,4.75,3.857142857
24,3,2,2,1,1,1,3,2,2,2,4,1,4,2,2,1,4,1,4,2,4,1,2,1,2,2,5,2,1,1,4,1,4,1,3,1,4,1,3,1,2,1,5,1,2,1,4,1,3,1,2,2,2,1,2,1,4,1,2,1,6,6,5.666666667,6,5.875,4.857142857
25,4,1,2,2,2,1,2,2,2,1,3,1,5,1,3,1,3,1,4,1,2,1,1,2,2,1,4,2,3,1,4,1,4,1,4,1,3,1,3,2,3,2,4,2,3,2,4,2,5,1,4,1,4,1,3,1,5,1,4,1,4.5,4,5.333333333,4.875,4.375,1.857142857
26,5,2,5,1,3,2,4,1,5,2,4,1,2,1,4,1,4,1,5,1,4,2,4,2,3,1,4,2,3,2,4,1,4,1,5,2,5,1,4,1,3,2,3,2,3,2,3,2,4,1,5,1,3,1,4,1,4,1,5,1,2.5,2.6,3,5,4.125,4.428571429
27,2,1,3,1,2,1,2,2,2,1,1,1,2,1,2,1,1,1,1,1,1,1,1,1,1,1,4,2,2,1,4,1,3,1,2,2,4,1,4,2,3,2,3,1,2,2,4,2,2,1,2,1,2,1,2,1,4,1,2,1,5.75,5,6.5,5.25,5.5,5.857142857
28,4,2,3,1,2,1,1,1,2,1,3,2,4,2,4,2,4,1,1,2,4,2,2,2,2,2,4,1,4,2,4,1,4,2,2,1,3,2,5,2,3,2,4,2,5,2,3,2,3,1,3,1,3,1,4,1,2,1,1,2,1.75,1.2,1.5,6.25,2.375,2.857142857
29,4,1,2,2,2,1,2,1,4,2,1,2,1,2,2,2,1,2,1,2,4,2,1,2,1,2,1,2,1,2,2,2,4,1,2,2,2,2,2,2,1,2,1,2,3,2,3,2,4,2,1,2,2,2,3,1,4,1,2,1,5.25,4.4,5.333333333,5.875,4.625,3.285714286
30,4,1,4,1,4,2,3,2,5,2,3,2,4,2,4,2,5,2,4,2,4,2,3,2,4,2,4,1,4,1,4,1,5,1,4,1,4,2,4,1,5,1,5,2,4,2,4,2,5,1,5,2,4,2,4,1,4,1,5,1,1.5,1.6,3,6,2.375,2.428571429
31,5,1,4,2,5,1,5,1,4,2,5,2,4,2,5,2,3,2,3,2,4,1,5,1,5,2,5,1,4,2,4,2,5,2,5,1,3,1,4,1,5,1,5,1,3,1,4,1,4,1,3,2,4,1,5,1,4,2,3,1,1,1.2,1.833333333,6.375,6.875,6
32,3,2,2,2,2,2,2,2,1,2,1,2,1,2,1,2,2,2,1,2,2,2,1,2,1,2,2,2,1,2,2,2,2,1,1,2,2,2,1,1,2,2,2,2,2,2,4,2,2,2,1,2,2,2,2,2,2,2,2,2,7,6.6,6.333333333,6.375,5.25,5.857142857
33,2,1,1,2,1,2,1,2,1,2,1,2,1,1,1,2,1,2,1,1,3,1,1,1,2,2,1,2,1,1,1,1,1,1,2,2,2,2,1,2,2,2,2,2,4,2,3,2,4,2,1,2,1,2,1,2,1,2,4,2,7,7,7,4.875,5.75,6.571428571
34,2,1,1,2,1,1,2,2,2,2,1,1,2,2,1,1,1,1,1,2,1,1,1,2,1,2,1,2,2,2,1,2,3,1,1,2,1,2,2,2,2,2,1,2,5,2,3,2,4,2,2,1,1,1,1,1,2,1,5,1,6.75,6,6.666666667,5.5,6.625,7
35,4,2,2,2,2,2,2,2,2,2,2,2,3,1,5,2,2,1,2,2,2,1,2,2,2,2,2,2,2,2,1,2,1,1,2,2,3,2,3,2,3,2,2,2,4,2,3,2,2,2,2,2,2,1,3,1,3,1,3,2,6.5,6,5.833333333,5,5.75,3
36,4,2,4,2,5,2,2,2,3,2,2,1,1,1,5,2,2,2,2,1,3,2,1,2,2,2,4,2,3,2,3,2,5,1,3,2,4,2,2,2,2,2,1,2,2,2,4,2,3,2,3,1,2,1,4,1,4,2,2,2,4.25,4.8,5,5.5,4.75,3.857142857
37,3,1,4,1,2,2,2,2,2,2,3,2,3,2,2,2,2,2,2,2,3,2,3,2,1,2,2,2,4,2,2,2,2,2,2,2,1,2,3,2,3,2,3,2,3,2,3,2,1,1,5,2,2,2,2,1,4,1,3,2,5.75,5.2,6.333333333,6.125,4.75,5.142857143
38,4,1,4,1,4,1,4,2,4,2,4,1,4,1,4,1,3,1,4,1,4,1,4,1,5,1,3,2,1,1,3,1,5,1,2,2,3,1,4,2,5,2,5,2,5,2,4,2,4,2,5,2,3,2,4,1,5,2,3,2,3.75,4.2,3.333333333,6.125,4.75,2.142857143
39,2,1,2,1,3,2,4,1,4,2,4,1,4,1,3,1,1,1,4,1,4,1,4,1,2,2,3,1,4,2,2,1,2,1,2,1,3,2,4,1,3,2,3,2,2,2,2,1,5,1,2,2,5,2,4,2,4,2,5,2,1.75,2.2,1.666666667,6.375,6,6
40,4,1,4,1,3,2,3,2,4,1,3,1,3,1,4,1,4,1,4,1,3,1,4,1,2,1,2,1,4,1,5,2,4,1,3,1,1,1,4,1,5,1,5,2,4,2,4,2,1,2,2,1,4,2,4,1,4,1,4,2,5,5,4.5,5.75,4.875,5.428571429
41,3,1,2,1,2,2,1,2,3,2,1,2,4,1,5,1,1,1,1,2,1,2,1,2,2,2,5,1,2,2,4,1,4,2,4,2,4,1,2,2,4,2,5,2,4,2,4,2,2,1,1,1,1,1,1,1,1,2,2,1,6.25,5.2,6.166666667,6.625,5.75,5.857142857
42,1,2,1,2,3,1,1,1,2,1,1,2,1,2,2,2,1,1,1,1,1,2,1,1,1,1,1,2,2,2,2,1,2,2,2,2,4,2,2,2,1,2,1,2,3,2,2,2,3,1,2,2,2,1,1,2,2,2,4,2,7,6.2,7,5.5,6.5,6.142857143
43,5,1,4,1,5,2,4,1,4,1,5,2,3,2,5,1,5,2,5,2,4,2,4,2,5,1,5,2,4,2,5,2,4,1,5,2,2,2,5,2,5,2,5,2,5,2,5,2,5,2,5,1,4,2,5,2,5,2,5,2,3.25,1.6,3,5.625,4.625,2.142857143
44,3,2,1,2,4,2,4,2,5,2,2,2,4,2,3,2,2,2,2,2,2,2,2,2,1,2,4,2,1,2,1,2,4,2,2,2,2,2,1,2,3,2,4,1,4,1,5,2,3,2,2,2,4,2,2,2,1,2,3,2,5,5,5,5.5,5.375,3.428571429
45,4,1,1,2,3,2,1,2,3,2,1,2,2,2,2,2,2,2,1,2,4,1,1,1,1,1,2,2,1,1,3,2,3,2,3,2,4,2,3,2,3,2,3,1,3,2,3,1,4,2,2,1,2,2,2,1,4,1,2,2,6,6,5.333333333,6.625,6,5.857142857
46,4,1,2,2,2,1,2,2,2,2,1,2,3,2,1,1,3,2,2,2,2,2,2,2,2,2,2,2,2,2,3,2,2,1,1,2,2,2,2,1,2,2,2,2,3,2,4,1,3,1,2,2,2,1,2,1,2,1,3,1,5.5,4.2,5.166666667,4.5,3.625,3.571428571
47,5,1,3,2,4,2,2,1,3,1,3,2,4,1,4,1,3,1,2,2,5,1,3,2,5,2,5,2,5,2,5,2,5,1,4,1,4,2,4,2,4,2,5,2,5,2,4,2,5,1,2,2,3,2,5,2,5,2,5,2,4.75,2,4.166666667,5.25,5.125,6
48,1,2,2,2,1,2,2,2,2,2,1,2,4,1,1,2,3,2,1,2,1,2,2,1,1,2,3,1,1,2,2,1,2,2,2,2,3,2,1,1,2,2,2,1,1,2,1,2,1,2,1,2,1,1,2,2,1,2,1,2,6.25,5.2,7,6.25,5.375,6.571428571
49,2,2,1,2,1,1,1,2,1,2,4,2,2,2,2,2,1,2,1,2,3,1,1,1,2,2,2,2,2,2,1,2,1,2,2,2,1,1,3,2,3,2,2,2,2,2,2,2,1,1,2,2,3,2,1,2,2,2,2,2,5.75,5.2,6.166666667,6.75,6.625,6
50,4,2,3,1,2,2,4,1,4,1,3,1,3,1,2,1,2,1,2,1,3,1,1,2,5,1,4,1,2,1,5,1,4,1,3,2,4,1,4,2,2,2,4,2,4,2,4,2,2,2,1,2,2,1,4,1,3,1,3,2,3.5,2.2,2,6.125,5,4.571428571
51,4,1,4,1,2,2,2,2,2,2,2,1,2,1,1,1,2,2,2,1,3,1,2,2,3,1,4,1,3,1,3,1,5,1,3,2,3,1,1,2,3,2,3,2,3,1,3,2,3,1,2,1,2,2,4,1,4,1,2,1,4,3.2,4,5.5,6,6.285714286
52,4,1,1,2,4,2,2,2,2,2,2,2,1,2,2,2,2,2,2,2,2,2,1,2,1,2,3,2,1,2,3,2,2,2,2,2,4,2,2,2,2,2,2,2,2,2,4,2,2,2,2,2,1,2,2,1,2,1,3,2,6,6,5.166666667,5.25,5,5.285714286
53,4,1,4,2,4,2,4,1,3,2,2,1,4,1,4,1,2,2,3,2,4,1,3,1,3,2,5,1,3,2,4,2,4,1,4,1,4,2,4,2,4,1,3,2,4,1,3,1,4,1,5,1,3,1,5,1,3,2,3,1,1.5,1.8,2,5.25,4.625,4.285714286
54,1,2,1,1,1,2,1,2,1,2,1,1,1,1,1,1,1,2,1,2,1,2,1,2,1,2,1,2,1,2,5,2,2,1,1,2,3,2,1,2,2,2,4,2,3,2,3,2,2,1,1,1,1,1,1,1,1,1,1,2,6.25,6.4,6.666666667,5.5,6,6
55,3,1,2,2,1,2,2,2,3,1,5,1,4,1,4,2,4,2,2,2,2,2,2,2,2,1,4,1,3,2,4,1,5,2,4,2,4,2,2,2,4,2,3,2,3,2,2,2,4,2,1,2,5,2,1,2,3,2,3,2,6.25,5.2,5.166666667,6,4.875,5.714285714
56,5,1,1,1,1,1,2,1,4,2,1,1,4,2,1,1,1,1,1,1,2,2,1,1,2,1,2,2,1,2,3,2,4,2,3,1,4,1,3,2,3,2,2,2,3,2,3,2,2,2,1,1,1,2,5,1,3,2,3,1,1.75,1,1.333333333,5.5,5.375,6.142857143
57,5,1,1,1,2,2,1,1,2,1,3,1,3,2,2,1,3,1,2,1,4,1,2,1,1,2,3,1,4,2,3,2,2,2,2,1,2,1,5,2,4,1,4,2,5,1,5,1,3,2,2,2,2,2,5,2,2,1,1,1,4,5,4,4.625,1.625,2.285714286
58,1,2,1,2,1,2,1,2,1,2,1,2,2,2,1,2,1,2,1,2,1,2,1,2,1,2,1,2,1,2,1,2,1,2,1,2,3,2,1,2,1,2,1,2,1,2,1,2,1,2,1,2,1,2,1,2,1,2,1,2,7,5.2,6.5,6.375,6.625,5.285714286
59,3,1,2,2,4,2,4,2,4,1,1,2,1,2,4,1,2,2,1,2,2,2,2,2,1,2,5,1,2,1,3,2,4,1,3,1,5,1,1,2,4,2,4,2,3,2,2,1,4,1,2,2,2,2,2,2,4,2,2,2,6,5.2,5.333333333,4.875,5.5,6.428571429
60,2,2,2,2,3,1,2,1,4,1,1,2,4,1,2,1,1,1,1,1,2,1,1,2,2,2,3,2,2,1,3,1,4,2,2,1,3,1,3,1,2,1,3,1,2,1,2,2,3,2,1,1,2,1,1,2,4,1,2,2,6,5.2,5.333333333,5,4.75,5.142857143
61,2,1,1,2,2,2,1,2,1,2,1,1,1,1,2,1,1,2,1,2,3,1,1,2,1,1,3,2,1,1,4,1,3,1,2,2,2,1,2,2,3,2,1,1,3,2,2,2,4,1,1,1,4,1,4,1,3,1,4,1,1.5,1,3.166666667,5.25,4.375,3.857142857
62,4,2,4,1,3,2,3,2,4,1,1,2,5,2,4,1,2,2,1,2,1,2,1,2,1,2,4,2,2,2,4,1,4,1,3,2,4,1,2,2,4,2,4,1,4,1,4,1,1,2,2,2,2,2,4,2,4,2,4,1,6.5,5.2,6.833333333,6.625,5.25,5.428571429
63,1,2,2,2,2,2,1,2,2,2,1,1,4,2,2,1,2,1,1,2,1,2,1,2,1,2,2,2,2,2,2,1,2,2,2,2,4,1,1,2,3,2,4,1,3,2,2,1,1,1,1,1,1,2,1,1,2,1,2,2,6.25,4.8,6,6.25,3.875,5.571428571
64,1,2,1,2,1,2,1,2,1,2,1,2,1,2,1,1,1,1,1,1,1,2,1,2,1,2,1,2,1,1,1,2,1,2,1,1,3,2,1,2,2,2,4,2,3,2,3,2,2,1,1,1,1,2,1,1,1,1,1,2,6.75,6,6.5,5.625,6.5,6.428571429
65,1,2,2,2,1,1,1,1,2,1,2,2,3,2,1,1,1,2,1,1,1,2,1,1,1,2,5,1,1,2,4,2,3,2,3,1,4,2,1,2,3,1,2,1,3,1,2,2,4,1,1,2,1,2,1,2,1,1,4,1,6,5.6,6.333333333,5.5,5.75,5.857142857
66,2,2,3,2,1,2,1,2,1,2,1,2,3,2,2,2,1,2,1,2,2,2,1,2,1,2,1,2,1,2,1,2,4,2,2,2,1,2,4,2,2,2,3,2,3,2,1,2,1,2,1,2,2,2,3,2,2,2,2,2,4,2.6,3.5,3.5,4.5,4.714285714
67,3,1,2,2,3,2,3,1,3,1,4,1,4,1,5,1,4,1,2,1,3,1,4,2,2,1,4,2,2,1,3,2,4,2,4,1,4,2,2,2,4,2,4,2,4,2,4,2,3,1,2,2,5,1,3,1,4,1,2,1,3.75,2.6,5,7,3.625,4.285714286
68,5,1,5,1,3,1,4,1,5,1,3,2,4,1,4,1,4,1,5,1,4,1,5,1,4,1,5,1,4,1,5,1,5,1,4,1,5,1,5,2,3,2,3,2,2,2,3,2,3,1,5,1,5,2,3,1,2,1,2,1,2.5,2.8,4.166666667,7,5.25,4.571428571
69,2,1,2,2,2,1,2,2,2,2,1,1,2,2,2,1,2,2,1,2,2,1,2,2,1,2,3,1,2,1,3,1,2,1,2,2,4,1,2,2,1,2,1,1,2,2,3,2,2,2,1,1,2,1,1,2,3,2,2,2,5.5,5,6,6.25,4.5,3.571428571
70,3,2,2,2,3,2,2,2,2,2,1,2,2,2,2,2,2,2,2,2,2,2,2,2,2,2,1,2,2,2,1,2,2,2,3,2,1,2,2,2,1,2,4,1,4,2,3,2,2,2,2,2,3,1,2,1,2,1,3,2,6.75,4.8,7,6.25,3.75,4.428571429
71,1,2,1,1,1,1,1,1,1,1,1,2,3,1,1,2,1,2,1,1,2,2,1,1,1,1,1,1,1,1,2,1,2,1,1,1,4,2,3,1,1,2,4,2,3,2,3,2,4,1,1,1,4,1,2,1,3,2,3,1,5.75,5.4,7,6.125,5.75,5
72,4,2,3,2,3,2,2,2,3,2,2,2,1,2,1,2,2,2,2,2,2,2,2,2,1,2,1,2,1,2,1,2,4,1,1,2,2,2,2,2,3,2,2,2,4,2,3,2,2,2,2,2,2,2,3,2,4,2,2,1,5.25,5,5,5.875,6,5.857142857
73,3,1,2,2,1,2,2,2,2,2,1,2,2,2,1,2,2,2,1,2,1,2,1,2,1,2,3,1,1,1,2,1,2,1,1,2,2,1,1,1,3,1,2,1,4,1,2,1,3,1,1,2,1,2,1,2,2,2,2,2,6.5,5.4,6.166666667,4.5,6.625,6
74,4,1,3,2,4,2,2,2,3,2,2,2,3,1,3,1,4,1,4,2,4,1,3,1,1,2,1,2,1,2,4,1,2,1,2,1,2,1,2,2,3,1,2,2,4,2,5,1,4,1,2,1,4,1,4,1,2,1,2,1,2.25,2,2.833333333,4.75,3.75,3.857142857
75,1,2,1,2,4,2,1,1,1,1,1,2,5,2,1,2,2,2,1,1,3,1,1,2,2,2,2,1,2,2,1,1,3,2,1,2,2,1,3,2,4,2,4,2,3,2,2,1,4,2,2,2,3,1,4,1,4,1,4,1,4,5.6,4.333333333,5.5,5.125,6
76,2,1,3,1,2,2,3,1,3,1,4,1,2,1,3,2,2,1,1,1,4,1,1,2,1,1,1,1,1,1,1,2,3,2,2,2,1,2,3,2,4,2,2,2,3,2,2,2,3,1,2,2,2,2,5,1,3,1,1,1,5.25,2.8,5.833333333,4,4.25,4.428571429
77,2,1,1,2,2,2,1,2,1,2,1,2,3,2,2,2,1,2,1,2,2,2,1,2,1,2,3,1,1,2,1,2,1,2,1,2,2,2,1,2,1,2,1,2,3,2,2,2,1,2,1,2,2,2,2,2,3,2,3,1,6.75,5.8,6,6.375,6.625,6
78,1,2,1,1,1,1,2,2,1,1,1,2,4,1,2,1,1,1,1,2,1,1,1,1,1,1,1,1,1,2,2,1,2,2,1,2,4,1,1,1,5,1,3,1,4,1,3,1,2,1,1,1,1,2,1,1,1,2,2,1,6,5.6,7,5.25,6.125,5.714285714
79,5,2,4,2,5,2,4,2,5,2,3,2,4,2,5,2,4,1,5,1,4,2,4,2,2,2,4,2,2,1,5,2,4,2,4,2,5,2,5,2,5,2,5,2,5,2,5,2,2,1,5,1,5,2,4,1,2,1,5,2,1,1.6,1.166666667,5.75,4.75,3.857142857
80,4,1,5,1,2,2,4,2,4,1,3,2,5,2,4,1,3,2,3,1,2,2,2,2,3,1,4,2,4,1,5,1,5,1,3,1,4,1,4,2,3,2,4,2,4,2,4,2,4,1,4,2,3,1,5,1,5,1,4,1,2.5,3,4.166666667,5.75,2,3
81,1,2,1,2,1,2,1,2,1,2,3,1,2,1,1,1,1,1,1,1,2,1,1,2,1,1,1,1,1,1,1,1,1,2,2,2,1,2,1,2,1,2,1,2,2,2,1,2,1,1,1,1,1,1,1,2,1,1,1,1,6,5,6,6.625,6.625,5.714285714
82,2,1,1,1,1,2,1,1,1,2,1,2,4,1,1,2,1,2,2,2,2,2,2,2,1,2,1,2,2,2,4,2,2,2,4,2,3,2,1,2,3,2,2,2,3,2,2,1,3,2,1,2,3,2,1,2,4,2,1,2,4.75,5,5,6.75,5.75,3
83,3,1,2,2,1,2,3,2,2,1,2,2,4,1,2,2,1,1,2,2,2,1,3,1,1,2,3,1,1,2,3,2,1,1,2,2,4,2,3,1,1,2,2,1,3,1,2,2,4,2,1,2,1,2,1,2,2,2,4,2,4.75,5,4.333333333,5.5,5.25,3.571428571
84,3,1,2,2,4,2,3,1,3,1,4,2,5,1,4,1,3,1,4,2,3,1,2,2,4,1,4,1,3,2,5,1,4,2,4,2,3,2,4,2,5,2,5,2,4,2,4,2,4,1,4,2,3,1,5,1,3,1,5,1,4.75,5.4,4,5.5,5.25,4.857142857
85,3,2,2,2,1,2,2,2,2,2,1,2,2,2,1,2,1,2,1,2,1,2,1,2,1,2,3,1,1,2,2,2,2,2,1,2,1,2,1,2,1,2,1,2,1,2,3,2,4,2,1,2,2,2,2,2,3,2,5,2,6.25,5.2,7,5.75,6,5.857142857
86,5,1,5,1,4,2,5,2,5,2,3,2,5,2,4,2,5,2,5,2,5,2,4,2,3,2,5,1,4,2,4,2,5,2,5,2,4,2,5,2,4,2,4,2,5,2,5,1,3,1,5,2,5,2,5,1,5,1,4,1,1,1.6,1.833333333,5.625,2.625,1.142857143
87,2,1,5,2,5,1,5,2,4,2,5,1,5,1,4,2,5,1,5,2,4,1,2,2,4,1,4,1,3,1,3,2,5,1,4,1,5,2,4,1,3,2,4,1,4,2,4,1,5,2,5,2,3,1,4,1,4,1,5,1,4.75,3.6,2.833333333,4.875,5.875,6.714285714
88,4,1,1,2,1,1,1,1,1,1,1,1,1,2,1,1,2,2,1,1,1,2,1,1,1,1,2,1,1,1,3,1,1,1,2,2,2,1,2,1,3,1,2,1,2,1,4,1,2,1,1,1,1,1,2,1,1,1,2,1,6,5,5.166666667,4.625,4.375,4.857142857
89,4,2,3,1,4,2,5,2,4,2,2,1,2,1,3,2,1,1,1,1,4,2,1,2,1,2,3,2,1,1,1,2,3,1,4,1,2,2,4,1,5,2,5,2,5,2,3,1,5,2,1,2,3,2,4,1,5,1,5,2,3.25,2.6,5,6,5.125,5.285714286
90,3,1,4,1,2,2,2,1,2,2,4,1,3,1,2,1,4,1,1,1,4,1,1,1,1,1,1,1,3,1,1,2,4,2,3,2,1,2,2,2,4,2,4,1,4,2,3,1,2,2,1,2,1,1,2,1,1,1,2,1,3.5,3.4,4,5.125,3.25,2.285714286
91,2,1,1,2,1,2,1,2,1,2,3,1,1,1,1,1,1,2,1,1,3,1,1,2,1,1,3,2,1,1,4,2,3,2,2,2,2,2,2,1,3,2,2,2,2,2,2,2,4,1,1,1,1,1,1,2,4,2,5,2,5.75,6.4,6.5,5.5,5.875,6
92,2,2,2,2,2,1,1,1,2,2,1,1,2,2,2,1,2,2,1,1,1,1,1,2,2,1,3,1,3,1,4,1,1,2,3,1,1,2,2,1,3,1,3,2,2,1,2,1,2,2,1,2,1,1,2,2,3,1,4,2,5,4.8,5.333333333,6,5,5.142857143
93,4,1,4,1,2,1,3,1,2,1,2,1,2,1,2,1,2,2,1,1,4,1,1,1,1,1,2,1,1,1,3,1,4,1,3,2,3,2,2,1,2,2,2,1,1,2,2,2,3,2,3,1,2,1,3,1,3,1,1,1,4,2.6,3.333333333,5.25,3.25,2.285714286
94,2,1,1,2,2,2,1,1,1,2,1,1,1,1,1,1,2,1,1,1,2,1,1,1,2,1,2,2,1,1,2,2,3,2,1,2,2,1,2,2,3,1,4,2,2,1,3,1,3,1,1,1,1,1,1,1,1,1,1,2,6,6.4,6.833333333,5.75,5.875,6.571428571
95,1,2,2,2,2,2,1,2,2,2,1,1,2,1,1,1,1,2,1,2,1,2,1,2,1,2,3,2,1,2,3,2,2,1,1,2,4,1,2,2,3,1,3,1,3,1,4,1,2,1,1,2,1,2,2,1,1,1,1,1,6,5.2,6.5,5.75,6,5.571428571
96,2,1,1,2,2,1,1,1,3,1,1,1,3,2,4,1,2,2,1,2,1,2,1,1,1,2,2,1,1,1,2,1,4,1,3,1,3,1,1,1,1,1,2,2,3,1,3,1,3,1,1,2,2,1,2,1,3,2,2,1,5.75,5.8,6.333333333,5.75,5.625,5.142857143
97,4,2,3,2,2,2,4,2,2,1,3,2,3,1,2,2,2,1,1,1,1,1,1,2,3,2,1,2,1,2,3,1,2,2,1,2,3,2,1,2,1,2,1,1,1,2,3,2,3,2,3,1,2,2,2,1,4,1,1,1,6.75,6,5.666666667,6.875,6,6.428571429
98,3,1,2,2,3,2,2,2,3,1,1,1,2,2,4,1,1,2,2,1,2,1,2,2,1,1,4,1,2,1,4,1,4,1,4,2,4,1,1,2,2,1,2,2,3,1,3,1,4,1,1,1,3,1,3,1,4,1,1,1,3.5,2.6,2.166666667,5.5,4.5,4.428571429
99,1,1,1,1,1,2,1,2,1,2,1,1,3,2,1,1,1,1,1,1,1,1,1,1,1,1,2,2,1,1,4,1,1,1,2,1,4,1,2,2,1,2,4,1,2,2,1,2,3,1,1,2,1,1,2,2,1,2,1,2,6.75,4.8,5.333333333,5.75,6.25,5.857142857
100,3,2,1,1,1,1,2,2,2,1,5,1,4,2,2,1,4,1,2,1,4,2,2,2,1,2,3,2,1,2,3,1,1,1,2,2,4,1,3,2,2,1,3,1,4,2,3,1,3,1,4,2,1,1,1,2,2,1,4,1,6,6.6,6,7,6.875,4
101,4,2,3,1,2,1,4,2,4,1,1,2,3,2,2,1,1,1,1,1,2,2,1,2,1,2,3,1,1,2,4,2,3,2,4,2,1,2,5,2,1,2,4,1,5,2,3,2,4,1,1,2,4,2,4,2,4,1,4,2,2.75,2.6,2,7,4.75,4.714285714
102,4,1,2,2,2,1,2,1,2,1,1,2,3,1,2,1,2,1,2,2,3,1,2,2,2,2,3,1,1,2,3,2,3,2,5,2,2,2,3,2,2,2,2,1,3,2,1,2,4,1,3,2,1,1,2,1,3,1,3,1,5.75,5.4,6.833333333,6,5.625,4.285714286
103,2,2,1,2,1,1,1,1,2,1,4,1,4,1,1,2,1,2,1,1,4,1,1,1,1,1,4,2,1,2,2,2,2,1,1,2,4,1,3,2,3,2,2,2,3,2,3,1,2,1,1,2,1,1,1,2,3,2,2,2,7,7,5.5,7,7,7
104,1,2,2,2,1,2,1,2,1,2,1,2,2,2,1,2,1,2,1,2,1,2,1,2,1,2,3,2,1,2,2,1,3,2,1,2,5,2,1,2,4,2,3,2,3,2,2,2,2,2,1,2,1,2,1,2,1,2,1,2,6.5,5.2,6.333333333,6.5,6.5,6.285714286
105,2,2,2,1,2,2,1,1,2,2,1,2,2,2,1,2,1,1,1,1,1,1,1,2,1,2,3,2,2,2,3,2,2,1,1,2,4,1,2,2,3,2,2,2,2,1,2,2,3,1,1,1,2,2,1,1,2,1,1,2,6.25,6.8,6,5,4.75,5.428571429
106,2,2,1,1,1,1,2,2,1,1,1,2,1,1,1,1,1,1,1,1,2,1,1,2,1,1,3,2,1,1,3,2,1,2,1,1,2,2,2,2,3,2,2,1,2,2,2,2,4,2,2,1,2,1,1,2,2,1,1,1,6,6.6,6,5,6.375,6.428571429
107,4,1,3,1,4,2,5,2,5,2,2,2,4,2,3,2,4,2,3,2,4,2,3,2,1,2,1,1,1,2,1,2,2,2,1,2,3,2,5,2,5,2,4,2,5,2,4,2,2,1,1,2,2,1,2,2,2,2,2,2,5.75,6,5.833333333,6.125,4.875,3.428571429
108,1,1,1,1,1,2,1,1,1,1,1,2,1,2,1,1,1,2,1,1,1,2,1,1,1,2,1,1,1,1,1,1,1,2,2,2,1,1,4,1,1,1,1,1,2,2,1,2,1,1,1,2,1,2,1,2,1,2,1,2,6.5,5.8,7,7,5.75,2.857142857
109,3,1,2,2,4,2,5,2,4,1,1,2,4,1,5,2,1,1,1,1,1,1,1,2,3,1,4,2,2,1,3,2,4,1,4,1,4,2,2,2,4,2,4,2,4,2,2,1,2,2,1,2,2,2,2,1,4,1,2,1,5.5,3.6,5.333333333,7,5.625,5.285714286
110,1,1,1,1,1,1,1,1,1,2,1,2,1,2,1,2,1,1,1,1,1,1,1,2,1,2,2,1,1,2,4,2,2,2,1,1,2,1,1,2,1,1,1,1,3,1,2,1,3,1,1,1,1,1,1,1,1,2,1,1,7,7,7,6.875,6.75,7
111,2,1,1,1,2,1,2,1,1,1,4,1,1,1,2,2,1,2,4,1,4,1,3,1,2,2,2,1,2,1,1,1,2,2,2,2,1,2,3,1,3,2,2,2,3,2,2,2,1,1,2,2,2,1,4,1,1,1,2,1,5.5,4.8,6,6.25,3.875,3.571428571
112,4,2,4,1,3,2,2,1,2,2,4,1,1,1,2,2,4,1,4,1,3,1,1,2,1,2,2,1,1,1,5,1,1,1,1,2,1,1,2,1,2,1,1,1,2,2,3,2,2,1,1,1,1,2,2,1,1,1,1,1,2.25,7,3.5,5.125,3.25,4.285714286
113,1,2,1,2,1,2,1,2,1,2,1,1,2,1,1,1,1,2,1,2,1,2,1,2,1,2,2,1,1,2,2,1,3,2,2,2,3,2,1,2,1,2,2,2,1,2,1,2,1,2,1,2,1,2,1,2,1,2,1,2,6.25,5.6,5.166666667,6.375,6.375,6.857142857
114,4,2,2,2,3,2,4,2,5,2,1,1,2,2,4,1,3,2,2,1,3,2,2,2,3,1,2,2,3,2,2,2,2,2,2,2,2,2,4,2,3,2,5,2,3,2,4,2,4,2,2,2,2,1,4,1,4,2,5,2,4.25,4.8,4.166666667,5.75,5.125,3
115,4,2,4,1,1,2,2,2,2,2,1,2,3,2,1,2,1,2,1,2,1,1,1,1,1,2,3,2,1,2,3,2,1,2,1,2,2,1,2,1,2,1,2,1,3,1,5,2,3,2,1,2,1,2,2,2,2,2,5,1,7,7,6.333333333,7,6.75,7
116,2,2,2,2,1,2,2,2,3,1,1,2,3,2,1,2,1,2,1,2,2,2,1,2,1,2,3,2,1,2,2,2,4,1,2,2,4,2,4,2,1,2,2,2,3,2,3,1,2,1,1,2,1,2,1,1,2,1,4,1,5.5,3.4,6.333333333,2.625,5.5,6.142857143
117,4,1,2,1,3,2,4,1,4,1,1,2,3,2,1,2,3,1,2,2,4,1,2,2,1,2,1,2,1,2,1,2,5,1,1,2,1,2,4,2,1,2,1,2,1,1,5,2,2,1,1,2,3,2,4,2,4,2,2,2,2.75,2.8,3.333333333,6.5,6,6.285714286
118,3,1,3,1,2,1,2,1,2,2,2,1,2,1,1,1,2,1,2,1,3,1,2,1,1,2,3,2,1,2,2,1,2,1,1,1,3,2,3,1,4,2,3,2,4,1,3,2,3,1,2,1,1,1,1,1,2,1,2,1,7,6.4,5.666666667,6.875,7,6.714285714
119,1,1,1,1,2,2,1,1,1,1,1,2,3,1,3,2,2,1,1,2,3,1,1,1,1,1,2,2,1,1,4,1,3,2,1,1,2,1,3,2,3,1,4,2,2,2,1,2,4,1,1,2,2,2,2,2,2,2,2,1,5.5,5.6,6,7,5.75,5.285714286
120,3,2,1,1,1,1,1,1,1,1,1,1,1,2,1,1,1,2,1,1,1,2,1,1,1,1,1,1,1,1,2,1,1,2,1,2,5,1,2,2,1,1,2,1,3,2,2,2,4,2,1,2,1,1,1,1,1,2,4,2,6,5.4,5.666666667,3.375,5.5,5.571428571
121,2,1,2,1,1,2,3,2,4,1,4,1,4,1,3,2,1,2,4,2,4,1,2,1,5,1,3,1,4,1,4,1,4,1,4,2,4,1,2,1,4,2,4,1,4,2,3,2,4,2,2,1,2,1,4,1,1,1,2,1,4,5.2,3.833333333,5,4.625,4.571428571
122,4,1,5,1,3,2,5,1,5,2,2,1,5,1,3,2,2,1,3,1,4,1,2,2,3,2,3,1,4,1,3,1,3,1,3,2,3,2,3,2,5,2,4,2,5,2,3,1,2,1,3,1,2,2,4,1,4,1,4,2,2.5,4.2,4.333333333,4.875,4.125,4
123,1,1,1,1,1,1,1,1,1,1,1,1,3,1,1,1,1,1,1,1,1,1,1,1,1,1,3,1,1,1,4,1,1,1,2,1,4,1,1,1,5,2,2,1,3,1,3,1,4,2,2,1,1,1,1,2,1,1,3,1,6.25,6,6,5.5,4.875,3.571428571
124,4,1,2,1,1,1,2,1,1,1,1,2,2,2,2,1,1,2,1,2,2,1,1,2,1,2,1,1,1,2,1,2,4,2,3,2,3,2,2,2,2,2,2,2,2,2,2,2,2,1,1,2,1,1,1,2,2,1,1,2,5,3.6,5.333333333,3.75,2.375,3.571428571
125,3,1,4,2,5,2,3,1,4,1,1,1,4,1,4,2,1,2,1,2,2,1,1,2,1,2,5,1,2,2,3,2,5,1,3,2,2,1,4,2,4,1,5,2,3,2,3,1,2,1,1,2,2,2,5,1,4,2,1,1,1,1.8,1.333333333,7,4.5,4.285714286
126,2,1,2,2,1,2,2,2,2,2,1,2,1,2,2,1,2,1,1,2,1,2,1,2,1,2,3,1,2,2,1,2,2,1,3,1,3,2,1,2,1,2,4,2,2,2,1,2,2,2,1,1,2,1,1,1,3,1,1,1,4.25,3.8,5.166666667,4,1.125,1.571428571
127,2,1,4,2,1,1,2,2,2,2,1,2,4,1,2,2,3,2,4,2,3,2,2,1,1,2,4,2,4,2,3,2,5,2,5,2,3,1,5,1,3,1,4,2,4,2,2,1,5,2,5,2,2,2,4,1,4,1,3,2,4.5,3.6,4.833333333,4,4,3.571428571
128,2,1,3,2,2,2,2,2,2,2,2,1,2,2,1,1,2,2,2,1,3,1,2,1,1,1,2,1,1,1,2,2,2,1,3,1,2,1,2,2,2,2,2,2,2,2,3,2,4,2,2,1,1,1,2,1,2,1,2,1,4.5,2.6,4.166666667,3.125,3.75,3.857142857
129,1,2,4,2,4,1,2,1,3,1,1,2,3,1,3,2,2,2,2,2,2,2,2,2,1,1,4,1,2,2,4,1,4,2,5,2,4,1,2,2,2,2,4,1,4,2,2,2,4,2,1,2,3,2,2,2,4,2,4,2,4.75,5,4.5,4.875,5,3.571428571
130,4,1,2,2,2,1,1,1,3,1,2,2,1,2,1,1,1,2,1,1,2,2,1,1,1,1,1,1,1,1,4,1,1,1,2,2,2,1,1,1,2,1,2,2,3,2,2,1,4,1,2,1,1,2,2,1,1,1,3,1,6.25,6.6,5.5,5.25,5.75,6.428571429
131,4,1,4,1,4,2,4,2,4,2,2,1,4,1,3,1,4,1,4,1,4,2,3,2,1,1,3,1,2,1,1,1,2,1,2,2,3,1,5,1,5,1,5,2,5,2,2,2,5,1,5,1,4,1,4,1,4,1,4,1,3.5,4.2,4,4.875,4.375,4.142857143
132,2,2,2,1,1,2,2,2,2,2,1,2,2,1,2,1,1,2,1,1,2,2,1,2,1,1,2,2,1,2,2,1,2,1,1,2,1,2,2,1,1,1,3,1,2,1,3,2,4,1,2,1,2,2,1,1,2,1,2,1,7,5.6,7,6.25,5.75,6.571428571
133,2,1,2,2,3,2,1,2,2,2,2,1,2,1,1,1,2,1,2,1,1,1,1,1,2,1,3,1,1,1,2,1,2,1,2,1,4,1,1,1,4,2,3,2,2,1,1,1,2,1,4,1,4,1,3,1,4,1,4,1,6,6.4,5.833333333,5.5,5.875,6.571428571
134,4,1,4,2,3,1,5,1,3,1,4,1,5,1,4,2,3,1,5,1,4,1,4,1,4,1,4,1,2,1,4,2,4,1,5,2,3,2,4,1,5,1,5,1,4,1,5,1,4,2,1,2,5,2,4,1,3,1,4,1,2.25,3,2.666666667,5.125,5.375,5.714285714
135,4,2,2,1,2,2,2,1,2,1,1,1,1,1,2,2,1,1,1,1,2,2,2,1,1,1,2,1,1,2,4,1,1,1,1,2,1,2,1,1,1,2,1,2,2,2,3,2,1,1,2,1,2,1,2,1,2,1,4,1,7,6.2,6.5,5.875,5.5,6
136,5,1,5,2,1,2,1,2,1,2,1,2,5,2,2,2,2,2,1,2,4,1,1,1,1,1,2,2,1,1,3,2,2,2,1,2,4,2,2,2,4,2,5,1,4,2,3,1,5,2,1,1,4,2,1,1,4,2,2,2,7,6.6,7,6.625,5.5,5.428571429
137,3,1,4,1,4,2,4,1,3,2,3,2,4,2,4,2,4,1,4,1,4,1,4,1,2,1,4,2,4,2,5,1,5,1,4,1,3,1,5,1,5,1,5,2,4,2,3,2,3,1,3,1,5,1,5,1,4,1,4,1,1,1.2,1.333333333,3.5,2.125,1.714285714
138,5,2,5,2,4,2,4,2,5,2,4,2,2,2,4,2,5,2,5,2,5,1,4,1,5,2,5,2,4,1,4,2,5,2,5,2,5,2,4,1,3,2,5,2,3,2,5,2,4,1,3,2,4,2,5,1,4,2,5,2,1,1.6,1,6.125,4.625,4
139,2,2,2,2,2,2,1,1,3,2,1,1,1,2,2,1,2,1,1,2,1,2,1,2,1,2,2,2,1,1,2,1,2,2,2,2,2,2,1,2,2,1,2,2,3,2,2,2,3,1,1,1,2,2,2,2,3,1,2,1,5,4,4.5,5.25,4.375,4.714285714
140,1,2,2,2,2,1,2,2,3,2,1,2,1,2,2,2,2,2,2,2,2,2,2,2,2,1,2,2,2,2,2,1,4,1,2,2,4,2,3,2,2,2,3,2,3,2,2,1,3,1,1,2,2,1,2,1,4,2,4,2,6,4.4,6.666666667,6.75,4.5,5.428571429
141,2,2,1,1,3,1,4,2,4,2,4,2,4,1,1,1,1,2,4,2,2,2,1,2,4,2,1,2,1,2,2,2,4,2,1,2,1,2,2,1,1,2,1,2,3,2,4,1,4,1,2,2,4,1,3,1,2,1,3,2,3.5,4.2,4,3.25,1.375,1.571428571
142,2,1,2,2,2,2,4,1,3,2,2,2,3,2,3,2,1,2,2,2,4,1,2,2,3,2,3,2,4,2,2,1,5,2,3,2,3,2,4,2,3,2,3,2,3,2,4,2,4,1,2,2,3,2,4,2,3,2,3,1,4.5,5,4.833333333,6,4.75,4.857142857
143,3,1,3,1,1,2,2,2,3,1,1,2,4,1,4,1,4,1,2,2,4,1,3,2,4,1,5,1,5,1,4,1,4,1,3,2,5,1,4,1,4,2,4,1,4,1,3,1,4,1,1,1,1,1,3,1,4,1,4,2,3,1.8,2.5,4.625,4.75,4.285714286
144,3,1,3,2,1,2,2,2,3,1,1,2,2,2,2,1,2,2,1,2,2,2,2,2,3,1,4,2,3,2,4,1,4,2,3,2,4,1,2,2,3,1,4,1,3,1,4,1,4,1,1,1,4,1,1,1,2,1,4,1,5,4.2,4.5,3.5,7,6
145,3,2,2,2,2,1,1,1,3,2,1,2,4,2,1,2,5,2,2,2,4,2,2,2,2,1,5,2,2,2,5,1,2,1,2,2,4,2,2,2,2,1,3,1,4,1,3,2,4,2,1,1,4,2,5,2,2,1,4,2,2.25,7,3.833333333,6.875,7,4
146,1,1,1,2,1,1,1,1,1,2,1,2,1,1,1,2,1,2,1,2,2,2,1,2,1,2,2,1,1,2,2,2,2,2,1,1,2,2,1,2,2,2,2,2,3,2,3,2,1,2,1,1,1,2,1,2,1,2,1,1,7,7,5.5,6.625,6,7
147,3,1,2,2,1,1,3,2,2,1,1,2,4,2,3,1,1,2,2,2,1,2,2,1,2,2,4,2,3,2,4,1,4,2,3,2,3,1,4,1,2,1,4,1,2,2,2,1,1,2,1,2,3,1,2,2,4,2,3,2,5.75,6.4,6.333333333,5.375,6.25,6
148,1,2,2,2,1,2,1,2,2,2,1,2,3,2,1,1,1,2,1,1,1,2,1,2,1,1,3,1,1,1,4,1,1,2,1,2,2,2,1,2,1,2,1,1,1,2,2,2,4,1,1,2,1,1,1,1,3,2,5,2,6.75,5,6.5,4.625,4.75,4.857142857
149,1,2,2,1,1,1,3,2,2,1,3,1,3,2,1,2,1,1,2,2,3,2,1,2,1,2,3,2,1,2,2,2,3,1,1,2,4,1,4,2,2,2,2,2,2,2,4,2,2,2,1,2,2,2,4,1,4,2,4,2,5.5,5.2,6.333333333,6.625,5,3
150,4,1,4,1,3,2,2,1,5,2,3,1,2,1,2,1,2,2,2,2,3,2,2,2,5,2,4,2,3,2,4,2,5,1,2,2,5,2,4,2,3,2,4,2,4,2,4,2,2,2,2,2,2,1,3,2,3,1,4,1,4,3.6,3.333333333,5.75,6,5.857142857
151,3,1,2,1,4,1,4,1,4,1,1,2,1,2,3,1,1,2,1,1,2,2,1,1,1,2,4,1,2,1,4,1,4,1,3,1,5,1,4,2,4,1,4,2,3,1,3,1,4,1,1,1,1,2,1,1,2,1,3,1,5,4,5.333333333,6.5,6,6.428571429
152,2,2,1,2,2,2,2,2,1,2,3,1,1,1,2,1,2,2,2,1,4,1,2,2,2,1,2,1,2,1,2,1,2,1,2,2,3,2,5,2,5,2,5,2,5,2,2,2,5,1,1,2,2,1,2,2,2,2,4,2,6,5.8,5.5,6.5,3.75,3.714285714
153,1,2,2,1,1,1,2,2,2,1,5,2,2,1,1,1,1,1,1,2,2,1,1,2,1,2,3,1,2,2,4,1,2,2,2,2,4,1,2,2,3,2,2,2,3,2,2,2,2,1,1,1,1,1,1,1,2,1,2,1,4.5,5.4,5.666666667,4,2.5,2.285714286
154,4,2,3,1,4,2,4,2,5,2,3,2,4,2,3,2,2,2,2,2,3,1,2,2,4,2,3,2,4,1,1,2,4,2,3,2,2,2,4,1,4,1,4,2,4,2,3,2,3,1,2,2,5,2,4,2,3,2,2,2,2.75,3.4,4.5,6.125,5.75,4
155,1,2,1,2,1,2,1,2,1,2,1,2,2,2,1,2,1,2,1,1,1,2,1,2,1,2,1,2,1,1,1,2,1,2,1,1,1,2,1,2,1,2,1,2,1,2,2,2,1,2,1,2,1,2,1,1,1,2,1,2,6.75,5.4,7,6,6,5.857142857
156,4,2,2,2,2,2,2,2,3,2,1,1,4,2,1,2,3,1,1,1,3,1,1,2,3,2,5,1,1,2,5,1,4,2,1,2,3,2,2,2,2,1,1,2,5,2,3,2,2,2,1,1,2,2,2,1,4,2,1,1,6.25,5,7,5.375,3.75,4.285714286
157,5,1,4,2,5,1,5,2,5,2,5,1,2,1,4,2,5,1,5,1,4,2,5,1,4,1,5,1,3,1,5,1,5,2,5,2,5,2,5,1,3,2,4,2,5,1,3,1,4,2,4,2,4,2,5,1,2,1,5,2,1,2.8,1,5.625,5,3
158,4,1,1,2,1,2,2,2,2,2,1,2,1,2,2,1,1,2,1,2,2,2,1,2,1,2,2,2,1,2,3,2,1,1,1,2,2,2,2,2,3,2,1,1,4,1,4,1,2,1,1,2,1,1,2,2,4,2,5,2,6.75,5,7,6.25,5.125,5.285714286
159,4,1,4,1,4,1,5,2,4,2,5,1,4,1,4,1,4,1,5,1,4,1,5,1,4,2,3,1,3,2,1,2,5,2,4,1,2,1,4,2,5,2,5,2,3,2,4,2,4,1,4,1,4,1,4,1,5,2,5,2,1,1,3,3.25,2.125,1.428571429
160,4,1,4,1,4,2,4,2,4,2,3,2,4,2,4,2,1,1,1,1,4,1,1,2,4,2,4,1,2,2,3,1,4,2,3,1,4,2,3,2,4,1,4,2,4,1,4,2,4,2,1,1,3,2,4,2,4,2,4,2,6.5,4.8,6.166666667,3.375,6.625,6.428571429
161,1,2,1,2,1,2,1,2,1,2,1,2,1,2,1,2,1,2,1,2,1,2,1,2,1,2,1,2,1,2,2,2,2,2,1,2,1,2,1,2,1,2,1,2,1,2,1,2,4,2,1,2,1,2,1,2,1,2,2,2,6,5.4,6.5,6.375,5.125,5.857142857
162,5,1,1,2,4,2,3,1,2,1,4,1,3,1,2,1,4,1,2,2,3,1,3,2,4,2,4,2,3,2,4,2,4,2,4,2,4,2,3,2,5,2,5,2,5,2,4,2,4,1,4,2,3,1,3,2,2,2,5,1,4.75,5,6.5,5.5,5.75,6
163,2,2,1,1,3,2,2,1,2,2,1,1,2,1,2,2,3,2,2,1,2,1,2,2,3,2,1,2,4,1,1,2,2,1,2,1,4,1,1,1,3,2,4,2,2,2,4,2,4,1,2,2,3,2,4,1,4,1,2,2,4.5,5,5,6,3.75,3.285714286
164,2,1,1,2,1,2,1,2,2,2,1,2,1,1,1,1,1,1,1,2,1,1,1,2,1,2,1,2,2,2,1,2,1,2,2,2,1,2,1,2,1,2,1,1,1,2,1,2,1,1,2,1,1,2,1,2,1,1,1,2,6,6,5.833333333,5.25,2.125,2.857142857
165,4,1,1,2,2,2,1,2,2,2,1,2,5,1,1,2,3,2,2,2,3,2,3,2,4,2,3,1,4,2,3,2,1,2,2,2,1,2,2,2,3,2,2,2,3,2,3,2,2,2,1,2,1,2,2,1,1,2,1,2,6,5.6,4.333333333,5.75,5.25,3
166,1,1,1,2,1,1,2,1,1,2,1,1,3,1,1,1,2,1,1,1,3,1,1,2,1,1,2,1,1,1,2,1,2,1,1,1,4,1,5,2,2,2,1,2,2,2,1,2,4,1,1,1,2,1,2,1,3,1,3,1,7,6.6,6.5,6.5,5.875,6.571428571
167,4,2,2,1,3,2,4,1,4,1,2,1,1,1,3,1,2,1,2,1,1,2,2,1,2,2,4,2,2,1,3,2,4,1,3,1,3,2,4,2,4,2,4,1,3,1,3,2,4,1,2,1,1,2,4,1,3,1,4,1,5.25,5.4,4.166666667,5.5,5.25,4
168,3,2,1,2,2,1,2,1,1,1,1,1,3,2,1,2,4,1,2,1,3,2,2,2,2,1,2,1,2,1,2,2,1,2,2,1,1,2,2,2,1,2,4,2,5,2,3,2,1,1,2,1,4,1,3,1,4,1,2,2,4,3.6,4.5,6.125,5.25,4.857142857
169,2,1,1,1,2,2,1,1,2,1,1,2,3,1,1,1,4,1,1,2,2,1,1,1,1,1,4,2,1,1,2,2,4,2,1,1,4,1,4,1,1,2,3,2,3,1,4,2,4,1,1,1,2,1,4,1,3,1,4,1,5.5,5.4,6,6.25,6.875,5.857142857
170,2,1,1,2,1,2,1,1,2,2,1,1,1,1,2,1,3,1,1,1,1,1,2,1,1,1,4,2,1,1,1,2,3,2,3,2,2,1,1,2,2,2,2,2,3,2,3,2,4,1,1,2,2,2,1,1,2,1,2,1,7,6.2,6,6,6,6.285714286
171,1,1,1,2,1,1,1,1,1,2,1,1,1,1,1,1,1,1,1,2,1,1,1,2,1,2,2,1,1,2,3,2,3,2,4,1,2,1,1,2,3,1,2,1,3,1,2,2,1,1,1,1,1,1,1,1,1,1,2,1,6,4.6,5.666666667,5.5,5.375,6
172,1,2,1,1,1,1,1,1,1,2,1,1,1,1,3,2,1,2,1,1,1,2,1,1,1,1,1,1,1,1,2,1,1,1,1,2,3,2,1,2,2,2,3,2,2,2,2,2,4,1,1,2,1,1,1,1,4,2,4,2,6,3.6,6,3.5,3.625,5.571428571
173,1,1,1,2,1,1,1,1,1,2,1,1,1,2,1,1,1,1,1,1,1,1,1,2,1,2,1,2,1,1,2,1,2,2,1,2,2,2,1,2,3,2,2,2,3,2,3,2,1,1,1,1,1,1,1,1,1,1,4,1,7,7,6.833333333,7,7,7
174,3,2,2,2,2,2,1,2,3,2,1,1,4,1,2,1,2,1,1,1,1,2,1,2,3,2,2,1,1,2,4,2,2,1,2,2,4,1,2,2,3,2,5,1,4,2,4,2,2,1,1,1,2,2,2,1,3,2,2,2,4.25,4.4,4.5,5.5,5.5,5.142857143
175,2,2,1,1,1,1,2,2,1,1,1,2,1,1,2,2,1,1,1,2,2,1,1,2,1,2,2,1,1,2,2,2,3,2,2,2,3,2,2,2,2,2,3,1,3,2,4,1,2,2,1,1,1,2,1,2,1,1,1,1,6.25,5.6,6.833333333,5.625,5.125,5.857142857
176,5,2,3,2,1,2,2,2,1,2,4,2,2,2,1,2,2,2,5,2,3,2,4,2,4,2,5,2,4,2,5,2,5,2,4,2,3,2,5,2,1,2,4,2,5,2,4,2,3,2,2,1,2,2,4,2,2,2,2,2,1.5,1.4,1,4.125,3.75,4.285714286
177,2,2,1,2,1,2,2,2,3,2,1,2,2,2,1,1,1,1,1,2,1,1,1,2,1,2,1,2,2,2,4,2,2,1,2,2,5,1,2,2,3,2,3,2,2,2,3,2,1,1,2,2,2,1,2,2,2,1,4,2,4.5,4.4,6.166666667,5.375,4.75,4.142857143
178,1,2,1,2,1,2,1,2,1,2,2,1,2,1,1,1,1,2,2,2,2,2,1,2,2,2,2,2,2,2,3,2,4,1,1,2,3,2,2,2,3,2,3,2,3,2,3,2,2,2,1,2,2,2,2,2,4,1,2,2,6,5.4,5.5,5.875,5.25,4.571428571
179,2,2,2,1,1,2,3,2,4,2,2,2,2,1,2,2,4,2,1,2,2,2,1,2,5,2,1,2,1,2,1,2,3,1,2,2,1,2,2,1,2,2,1,1,5,2,5,2,2,1,2,2,1,2,1,2,1,2,1,2,5,4.6,4.166666667,6,3.75,3.428571429
180,4,2,2,1,2,2,4,1,3,1,2,1,2,2,3,2,1,2,1,1,2,2,1,2,1,1,1,2,1,2,3,2,4,1,2,1,1,1,4,2,4,1,4,2,3,2,2,1,5,1,1,2,2,1,3,2,4,1,5,2,5.25,4.2,4.333333333,3.125,3.75,5.714285714
181,2,2,5,1,1,2,3,1,3,1,3,1,4,1,5,2,3,1,4,2,4,1,2,1,2,1,5,1,2,2,4,1,5,2,4,2,4,1,3,1,4,2,1,1,3,2,1,1,4,2,2,1,1,1,2,2,1,2,3,1,5.25,2.8,5,5.125,4.5,2.285714286
182,2,1,3,2,2,2,3,2,4,1,4,1,4,1,4,1,4,1,4,1,5,1,3,2,3,1,5,1,5,1,4,1,5,1,4,2,5,1,4,1,4,2,4,1,4,2,4,1,4,1,3,2,3,2,5,1,5,1,4,2,4.25,2.8,3.166666667,6.25,6,6
183,3,1,5,1,2,2,2,2,1,2,2,1,2,1,2,2,2,2,2,1,2,2,1,2,2,2,1,2,2,2,2,2,3,2,2,1,2,2,3,1,3,2,2,2,3,2,4,1,1,2,1,2,2,1,2,1,4,1,2,1,5.75,5.2,5.166666667,5.875,3.875,5.142857143
184,5,1,3,2,3,2,3,2,4,2,3,1,4,1,3,1,3,2,3,2,4,2,4,1,4,1,5,2,4,2,4,2,5,1,5,1,4,2,5,1,4,2,4,2,5,2,5,2,3,2,3,2,4,2,4,2,4,1,4,1,4.5,2.8,2.666666667,7,5.875,4.857142857
185,5,1,3,2,4,2,3,2,5,2,5,1,4,1,4,1,5,1,5,1,4,1,2,2,3,1,4,1,2,1,5,1,5,1,5,1,4,1,5,2,3,2,4,2,5,2,5,2,4,1,4,2,5,2,4,1,2,1,2,1,2,1.4,1,5.625,4.375,4.285714286
186,1,2,1,2,1,1,1,1,1,2,1,2,1,2,1,1,1,2,1,2,1,2,1,2,1,2,1,2,1,2,1,2,1,1,1,2,1,2,1,2,1,2,1,2,1,2,4,2,2,1,1,2,1,2,1,1,1,2,1,2,6,6,5.166666667,5.875,6.125,5.142857143
187,1,1,1,1,2,2,1,1,3,2,1,1,1,1,2,1,3,1,1,1,2,1,4,1,3,1,2,2,2,1,3,1,3,1,1,1,3,2,1,2,3,2,3,2,3,2,4,1,1,1,2,1,3,1,5,2,2,1,2,1,5.25,5.6,6.333333333,6.125,5.125,4.714285714
188,3,2,1,1,2,1,2,2,1,2,1,2,1,2,1,2,1,2,1,2,1,1,2,1,1,2,1,2,1,2,1,2,2,2,1,2,1,1,1,2,3,2,3,2,3,2,4,1,2,2,2,2,2,2,2,1,3,1,1,2,6.75,6,6.833333333,5.625,6.375,6.142857143
189,2,2,5,2,5,1,3,2,4,2,3,1,2,1,3,2,4,1,4,2,3,2,3,2,4,1,4,1,2,1,4,2,4,1,5,2,4,2,4,1,4,2,5,2,4,2,4,2,5,2,1,2,2,2,4,1,3,2,4,2,3.75,2.4,3.333333333,6.125,2.75,3.428571429
190,3,2,2,1,1,1,3,2,2,2,1,1,2,2,1,1,1,2,1,1,1,1,2,2,4,1,1,2,2,2,1,2,2,2,2,1,3,2,2,2,3,2,3,2,3,2,5,1,1,1,2,2,3,1,1,1,2,2,2,2,5.75,5,5.333333333,5.875,3.75,5.285714286
191,2,1,1,2,2,2,1,1,1,2,1,2,1,1,1,2,2,1,1,1,1,1,1,1,1,1,3,1,1,1,3,1,1,1,1,1,1,1,1,1,4,1,2,2,3,1,3,2,4,1,1,1,1,1,2,1,1,2,1,1,7,4.2,6.5,4.25,5.75,5.857142857
192,1,2,2,2,1,2,2,2,1,2,1,2,1,2,1,2,1,2,1,2,1,2,1,2,1,2,3,1,1,2,2,2,3,1,1,2,2,2,1,1,2,2,2,1,2,2,1,2,1,2,1,2,1,1,1,2,1,2,1,2,7,7,6.666666667,6.75,7,7
193,4,2,4,2,5,1,2,2,2,1,2,2,1,2,1,1,1,2,1,2,4,1,2,1,3,1,2,1,3,2,3,1,4,2,2,2,1,2,1,1,3,1,2,2,4,1,5,2,2,1,2,2,2,2,3,2,2,2,3,1,4,2,3.666666667,5.25,3.25,3.428571429
194,3,2,2,1,1,2,2,2,3,1,4,1,5,1,1,1,4,2,4,2,2,2,4,1,1,1,4,1,2,2,5,1,4,1,2,2,3,1,4,1,2,1,3,1,4,2,3,2,2,1,1,1,2,1,2,1,3,1,2,1,5.75,5.6,5,6.625,5,5.857142857
195,4,1,1,2,1,2,1,2,1,2,1,1,1,1,1,1,1,2,1,1,1,2,1,2,1,2,1,2,1,2,4,2,1,2,2,1,2,2,2,1,2,2,2,2,2,2,3,2,3,1,3,1,1,1,1,1,2,1,1,1,6.5,6,6.5,5.25,6.125,6.571428571
196,1,1,1,1,1,1,1,1,1,2,1,1,1,2,1,1,1,1,1,1,1,1,1,1,2,1,1,2,2,1,1,2,2,2,1,2,2,1,1,2,2,2,3,2,3,1,2,2,3,2,2,2,4,1,1,2,2,1,1,1,7,6.8,6.333333333,6.625,6.625,7
197,1,1,1,1,1,1,1,1,1,1,1,1,3,2,1,1,1,1,1,1,1,1,1,1,1,1,1,1,1,1,4,1,1,1,2,2,4,2,1,2,3,2,2,1,2,2,2,2,4,1,2,1,1,1,1,2,2,1,2,1,5.75,6.4,6,5.5,6,4.857142857
198,4,1,3,2,3,2,3,2,4,2,2,1,3,1,4,1,4,1,4,1,4,1,4,1,1,1,1,1,2,1,3,1,2,1,1,1,2,1,4,1,3,2,3,1,3,2,3,1,3,1,3,1,4,1,4,1,4,1,4,1,3.5,2.6,5,4.875,5.375,2.142857143
199,1,2,1,2,2,1,1,1,2,2,1,2,2,2,1,2,2,2,1,1,2,2,1,2,1,2,2,1,1,2,2,2,2,2,1,2,4,2,1,2,2,2,3,2,2,2,1,2,4,2,1,1,2,2,1,1,2,2,1,1,5.75,3.8,6.5,4.875,5.75,6.142857143
200,3,1,4,2,4,2,4,2,4,2,4,2,2,2,4,2,3,2,3,2,4,1,2,1,5,2,4,2,3,2,4,1,4,2,3,2,4,2,4,1,2,2,4,2,4,2,4,2,4,2,2,2,3,2,4,2,3,2,3,2,4.25,3.2,4.166666667,6.25,6.125,6.428571429
201,1,1,1,1,2,2,1,1,1,2,1,1,2,1,1,1,2,1,1,1,1,1,1,1,1,1,2,2,1,1,3,2,4,2,3,2,4,2,4,2,3,2,3,2,2,2,1,1,1,1,1,1,1,1,1,2,1,2,2,2,5,4.8,6,4.875,5.5,6.142857143
202,1,2,1,2,5,2,1,1,2,2,1,2,2,2,2,1,2,2,1,2,2,2,2,2,2,2,2,1,2,1,1,1,2,2,2,2,2,2,3,1,4,1,4,2,3,2,2,2,3,2,2,1,2,1,2,1,2,1,3,2,6,6,6,5.5,6.25,5.142857143
203,2,1,4,1,4,2,4,1,4,2,4,1,3,1,2,1,2,1,1,1,3,1,1,2,4,1,2,1,1,1,4,1,4,1,4,2,3,2,2,1,2,2,4,1,4,2,4,2,5,1,2,1,4,1,4,1,4,2,3,1,1,2,2.5,4.875,3.25,1.714285714
204,4,1,4,1,1,2,2,2,4,2,1,2,1,2,3,2,2,2,1,2,3,1,1,2,1,2,3,2,2,2,5,1,3,1,4,1,4,1,2,2,5,2,4,2,5,2,4,2,4,2,1,2,2,2,1,1,4,1,2,1,6,2.8,5.333333333,6,2.875,3.857142857
205,1,2,1,1,2,2,2,1,2,2,1,1,2,1,2,2,2,2,2,2,1,2,2,2,2,2,3,2,2,2,3,2,2,1,2,2,4,2,2,2,1,2,4,1,2,1,3,2,4,1,1,1,2,1,1,2,3,2,2,2,5.25,5.6,6.166666667,5.75,3.875,3.428571429
206,2,1,1,2,2,2,1,1,1,2,1,1,3,2,2,1,3,2,1,2,3,1,1,2,1,2,4,1,1,2,4,1,3,1,2,1,4,1,2,2,2,1,3,2,2,1,3,2,4,1,1,1,2,2,2,1,2,1,3,1,6.25,5,6,4.125,4.875,5.428571429
207,2,1,2,1,3,1,5,1,4,2,1,2,2,1,2,1,3,1,4,2,1,1,1,2,3,1,2,2,2,1,3,1,2,2,2,2,1,2,4,2,2,2,4,2,4,1,5,2,4,1,1,1,2,2,2,1,3,2,2,1,6,6,5.333333333,5.125,4.875,5.142857143
208,1,2,1,2,1,2,1,2,1,2,1,2,1,2,1,2,1,2,1,2,1,2,1,2,1,2,1,2,1,2,1,2,1,2,2,2,1,2,2,2,1,2,1,2,3,2,3,2,1,2,2,2,2,2,2,2,1,2,1,2,6.75,5.6,7,6.5,5,5.428571429
209,2,1,1,2,3,2,2,2,2,2,1,2,2,2,1,2,2,2,1,2,1,2,1,2,1,2,2,2,1,2,2,2,2,2,1,2,4,2,1,2,2,2,3,2,3,2,2,2,4,2,1,2,1,2,2,2,2,2,2,2,6.25,5.8,6.166666667,5.25,4.875,5.571428571
210,2,1,2,2,5,2,4,1,4,2,2,1,4,1,5,1,5,1,2,1,2,1,1,2,4,1,3,1,2,1,2,2,4,1,4,1,4,2,4,2,4,2,4,1,5,2,3,1,2,1,1,1,2,1,2,1,4,1,3,1,6.75,6.6,5.5,5,4.875,5.571428571
211,4,1,2,1,4,2,4,2,3,1,1,1,5,1,3,1,5,2,3,2,2,2,2,2,2,2,4,2,4,2,5,1,4,2,4,2,4,1,2,2,2,2,3,2,3,2,3,2,1,1,2,2,5,2,3,2,3,1,2,1,6,5.2,5.166666667,5.875,6.125,6.428571429
212,4,1,4,1,4,2,2,2,2,2,4,1,2,1,4,2,2,1,1,1,1,2,1,2,4,2,5,1,2,2,5,1,5,1,3,1,4,2,1,2,5,2,3,2,3,2,3,2,4,1,2,1,5,1,3,1,4,2,4,1,1,1.6,3.333333333,5.625,6.625,6.571428571
213,2,1,3,2,3,2,2,1,3,2,3,1,2,2,2,1,1,1,1,1,1,1,2,2,2,1,2,2,3,1,2,1,2,1,2,1,3,1,4,2,4,2,4,1,4,2,2,2,1,1,1,2,3,1,4,2,4,1,4,1,6,5.8,6,5.125,4.375,4.857142857
214,3,2,2,2,2,2,1,1,2,1,1,2,3,2,2,2,1,2,1,2,3,1,1,1,1,1,3,2,1,1,4,1,1,1,1,2,1,2,4,1,3,2,2,2,3,2,4,2,1,2,1,2,1,2,2,1,1,1,1,1,6,5.8,5.333333333,6,5.75,7
215,4,1,3,2,4,2,1,1,2,1,1,1,2,2,5,1,1,2,1,1,1,2,1,1,1,1,2,2,1,2,2,2,4,2,2,1,3,2,4,2,4,1,4,2,4,1,3,1,4,1,3,1,2,2,3,1,4,1,4,2,2,1.6,1.666666667,6.25,5.625,6
216,3,1,3,2,2,1,3,2,2,1,1,1,2,1,2,1,2,1,2,1,1,1,2,2,1,2,2,2,2,1,1,2,4,2,2,1,2,2,3,2,4,2,3,2,3,2,3,1,1,2,2,2,1,1,1,1,3,1,2,1,5,2.6,5,5.75,4.5,4.714285714
217,1,2,1,2,1,2,1,2,1,2,1,2,1,2,1,2,1,2,1,2,1,2,1,2,1,2,1,2,1,2,1,2,1,2,1,2,1,2,1,2,1,2,1,2,1,2,1,2,1,2,1,2,1,2,1,2,1,2,1,2,6.75,5.4,7,6.25,5.375,6.571428571
218,3,1,3,2,2,1,2,2,3,2,3,1,4,1,4,1,3,1,2,1,3,1,2,2,2,1,2,1,2,1,2,1,2,1,2,1,2,1,3,2,4,1,4,1,4,1,1,1,4,1,2,1,2,1,4,1,2,1,2,1,4,2.8,3,4.625,4.125,4.571428571
219,4,1,2,1,3,2,3,1,4,1,1,1,3,1,3,2,3,2,2,2,3,2,2,2,2,1,4,1,2,1,4,1,5,1,5,1,4,2,4,1,2,2,4,1,4,2,5,2,4,2,2,1,4,2,4,1,4,1,2,1,2.75,1.6,1.166666667,5.125,3.25,2.285714286
220,2,2,2,2,2,2,2,2,2,2,2,2,2,2,2,1,2,1,2,2,3,1,2,2,3,1,2,2,2,1,4,1,2,2,2,2,2,2,3,2,4,2,4,2,3,2,4,2,2,1,2,1,4,2,4,2,3,1,3,2,5.25,4.6,4.5,5.5,6.125,6.571428571
221,1,2,1,2,1,2,1,2,1,2,1,1,1,1,2,1,1,2,1,1,2,2,1,2,1,2,1,2,1,2,1,2,2,1,1,2,1,2,1,1,1,2,1,2,1,2,2,2,1,1,1,2,1,2,1,2,1,2,1,2,6,6.4,5.333333333,6,7,5.571428571
222,5,1,2,2,2,2,4,1,3,1,2,2,4,1,2,2,1,2,1,1,2,2,1,1,2,2,3,1,2,2,3,2,4,2,4,2,2,2,1,1,3,2,2,1,3,1,4,1,4,2,3,2,1,1,1,2,5,2,3,2,5,5.2,4.666666667,6,4.75,3.285714286
223,3,2,2,2,2,1,2,2,2,1,1,2,2,2,1,2,1,2,2,1,1,1,2,2,1,2,4,2,1,2,3,2,2,2,2,2,4,1,5,2,1,2,4,1,5,2,3,2,3,2,2,2,2,1,2,2,3,2,2,2,5,4.4,5.333333333,5.875,4.875,2.142857143
224,1,2,1,2,1,2,1,2,1,2,1,1,2,1,1,1,1,1,1,1,1,1,1,1,1,1,1,1,2,1,2,1,1,1,1,1,2,2,3,1,3,2,2,2,3,2,5,2,2,1,1,1,1,1,1,2,1,1,4,1,7,6.2,5.166666667,5.875,6.375,6.142857143
225,4,1,2,1,2,2,2,2,4,2,1,2,4,2,2,2,1,2,1,2,2,2,1,2,1,2,2,2,1,2,3,2,5,1,4,2,4,2,2,2,5,2,5,2,4,2,4,2,3,1,1,2,1,1,1,2,2,2,3,2,6,5,6,6.375,4.625,4.142857143
226,2,1,1,2,3,2,5,1,4,2,2,1,2,1,2,1,4,1,2,1,2,1,2,1,1,1,3,1,2,1,2,2,2,1,2,1,3,2,4,2,4,2,4,2,2,2,2,2,2,2,2,1,2,1,2,2,2,2,2,2,6.75,5.6,6.166666667,6.625,4.75,4.571428571
227,2,2,1,2,3,2,2,1,2,2,1,1,2,1,1,2,4,1,1,2,1,1,1,2,1,2,4,2,2,2,1,2,1,1,1,2,2,1,2,1,1,1,1,2,3,2,2,1,1,1,1,1,1,2,2,1,1,1,1,2,6.25,5.8,6.166666667,5.75,4.5,5.428571429
228,1,2,1,1,1,2,1,2,1,2,1,2,1,2,1,2,1,2,1,2,1,2,1,2,1,2,1,2,1,2,1,2,1,2,1,2,1,2,1,2,1,2,1,2,3,2,3,2,1,2,1,2,1,2,1,2,1,2,2,2,7,7,6.833333333,6.75,7,7
229,4,1,4,1,4,2,3,1,4,1,2,2,4,2,3,1,4,1,4,1,4,1,4,1,3,1,4,1,2,1,5,1,2,1,2,1,4,1,5,1,5,1,5,1,5,2,3,2,4,1,5,1,4,1,4,1,2,1,3,1,2.75,3,3,3.875,4.375,3.857142857
230,3,2,3,2,3,1,4,1,4,1,1,2,3,1,5,1,1,1,1,1,1,2,1,2,1,2,4,1,1,2,4,2,3,1,4,1,1,2,4,1,1,2,1,1,1,2,3,1,4,1,1,2,2,1,2,1,2,1,4,2,5,4.6,5,5.5,5.375,5.714285714
231,2,1,1,2,2,2,1,2,1,2,3,1,1,1,2,1,1,1,1,1,4,1,1,1,1,1,4,2,2,1,3,2,3,2,2,2,3,2,3,2,5,1,4,2,2,1,2,2,4,1,2,2,2,1,2,2,4,1,5,1,6,6.6,6.5,7,7,1
232,1,1,2,2,3,2,1,1,1,1,1,2,1,2,2,1,1,2,1,2,1,2,1,2,1,2,1,1,1,2,1,2,1,2,1,1,2,2,1,2,1,2,1,2,3,2,2,1,3,1,1,2,1,2,2,2,1,2,1,2,5.75,5.6,5.833333333,5.5,5.75,6
233,5,1,3,1,4,1,4,1,3,1,1,1,5,1,3,1,4,1,2,1,3,1,2,1,2,1,4,1,4,1,4,1,3,1,4,1,4,1,4,2,4,2,4,1,5,2,3,1,2,1,1,2,3,2,5,2,5,1,4,1,1.75,1,2.166666667,7,4.625,2.571428571
234,1,2,1,2,1,2,2,1,1,2,1,2,4,2,2,2,1,2,1,1,1,2,1,1,1,2,1,2,1,2,1,2,1,2,1,2,1,2,2,2,1,2,1,2,2,2,2,1,1,2,1,2,1,1,1,1,1,1,1,2,7,5.8,7,6.125,5.375,5
235,4,1,3,1,4,1,5,1,5,1,4,1,3,1,3,2,3,1,3,1,4,1,4,1,4,1,3,1,2,1,3,1,3,1,5,2,3,2,2,1,3,1,2,1,4,1,3,1,3,1,3,1,4,1,3,2,1,2,4,2,3.5,2,3.666666667,5,4.125,4
236,1,1,1,1,1,1,1,1,1,1,1,1,1,2,1,1,1,1,1,1,1,1,1,1,1,1,1,1,1,1,4,1,1,2,1,2,3,2,3,1,5,2,3,2,3,2,3,2,4,1,1,1,1,1,1,1,1,1,1,1,5,4.6,6.5,5.375,5.75,5.571428571
237,3,1,2,2,1,1,1,1,3,1,2,1,2,2,4,1,2,1,2,1,3,1,1,1,1,2,3,2,1,2,1,2,2,2,2,1,2,2,2,2,4,2,4,2,3,2,1,2,4,1,3,1,2,1,3,1,3,1,3,2,4.5,4.2,5.333333333,5.125,4.75,4.428571429
238,5,2,4,2,5,2,1,2,5,2,3,1,4,1,5,2,5,1,5,1,5,2,4,1,4,2,4,2,3,1,4,2,5,2,5,2,4,2,1,1,5,2,4,2,5,2,5,2,4,2,4,1,4,1,2,1,4,2,3,1,6,6.4,4.833333333,4.75,4.875,5
239,3,1,2,2,3,2,3,1,4,2,4,1,4,1,4,1,4,1,5,2,5,1,3,1,4,1,5,1,5,1,5,1,5,1,4,1,3,1,5,1,3,2,4,2,5,2,3,2,3,1,3,1,3,1,5,1,5,2,3,2,2.5,2,2,5.75,6.875,6
240,1,1,1,1,1,2,1,1,1,2,1,2,3,1,1,2,1,2,1,2,1,2,1,2,1,2,1,2,1,2,1,2,1,1,1,2,1,1,1,1,1,1,1,1,2,2,4,1,1,2,1,2,1,2,1,2,1,2,1,2,7,5.8,6.5,6.75,5.75,6.428571429
241,1,2,2,2,1,2,2,1,2,1,2,1,3,2,2,2,1,2,2,2,3,2,3,2,3,2,4,2,4,2,4,1,4,1,4,2,4,2,2,1,3,2,5,1,3,2,3,2,4,2,4,1,2,1,2,2,4,2,4,1,4,5.2,3.833333333,5.5,5.75,5.142857143
242,1,2,2,1,2,2,2,1,2,1,1,1,2,1,2,1,1,1,1,1,1,1,2,1,4,1,4,1,4,1,4,1,3,1,4,1,4,1,5,1,4,2,4,2,5,1,4,1,3,1,2,1,4,2,5,1,4,1,5,2,4.5,5.2,4,6,5.25,5
243,2,2,1,2,4,2,2,2,1,2,1,2,2,2,3,2,1,1,1,2,2,1,2,2,1,2,3,2,1,2,4,1,1,1,1,2,1,2,2,2,4,2,1,2,3,2,3,2,2,2,1,1,3,2,5,2,4,1,4,2,4,4.6,3.333333333,4.875,4.5,4.571428571
244,1,2,1,2,1,2,1,2,1,2,1,1,2,1,1,2,1,2,1,1,1,2,1,2,1,2,1,2,1,2,1,2,1,1,1,2,1,2,1,1,1,2,1,1,1,2,3,2,1,2,1,1,1,2,1,1,1,2,1,2,7,5.2,7,6.125,3.75,5.714285714
245,1,2,1,1,1,1,2,2,2,2,1,2,2,1,4,1,3,2,1,2,3,1,1,2,1,2,1,2,1,2,2,1,1,2,1,2,4,1,3,2,2,1,2,1,4,1,1,2,1,1,2,2,2,1,2,1,2,1,5,2,5.5,4.8,6,5.75,6.125,4.857142857
246,4,2,2,1,3,2,5,1,3,1,2,1,4,1,4,1,2,1,2,1,1,1,2,1,1,1,4,1,1,1,5,1,3,1,4,1,1,1,2,1,4,2,5,1,5,2,2,2,3,2,2,1,4,1,4,1,2,1,2,1,3,3,3.333333333,5.625,5.125,5.285714286
247,5,1,2,2,2,1,2,1,2,1,2,1,2,1,1,1,2,2,2,1,2,1,2,1,2,1,3,1,2,1,4,1,2,1,4,1,3,1,3,1,4,1,3,1,2,1,5,1,1,1,2,1,2,1,2,1,2,1,2,1,5.75,3.8,5,6.625,6,6.428571429
248,3,1,2,2,1,2,2,2,2,2,1,2,4,2,2,1,1,2,1,2,1,2,1,1,1,2,3,1,1,2,2,1,2,1,1,2,3,2,2,1,2,2,2,1,3,2,3,2,3,2,2,2,1,2,2,2,2,1,2,1,7,5.2,6.666666667,6.125,5.625,5.714285714
249,2,2,2,2,3,1,2,1,1,2,1,1,5,1,3,1,3,1,1,2,3,1,1,2,2,2,4,1,1,2,3,2,3,2,2,2,3,2,2,2,2,2,1,1,3,1,1,1,2,1,3,1,2,2,2,1,4,2,2,1,5.75,3.6,6,4.5,2.125,2.857142857
250,2,1,1,2,1,1,2,1,2,2,1,1,2,2,1,1,1,1,1,2,2,1,1,2,1,2,1,2,1,2,1,2,3,2,2,2,1,1,3,2,5,2,1,2,4,2,2,2,2,1,1,2,1,1,1,2,2,1,2,1,5,4,6.333333333,3.5,3,3.857142857
251,1,2,1,1,1,1,1,1,1,1,1,2,1,2,1,1,1,2,1,1,2,2,1,2,1,2,2,1,1,2,4,2,2,2,1,2,3,2,1,2,2,2,4,1,2,1,2,2,4,2,1,1,4,1,2,2,2,2,1,1,6,5.6,6.333333333,5,4.375,4.428571429
252,2,2,1,1,1,2,1,2,2,2,4,1,5,2,1,1,2,1,4,1,2,2,1,1,1,1,5,1,2,2,4,1,1,1,2,2,3,2,1,1,4,2,4,1,4,1,4,2,4,1,2,2,3,2,2,2,4,1,2,1,2,3,2.833333333,4.625,5,5
253,5,1,1,1,1,1,1,1,3,2,1,2,1,2,1,2,1,1,1,1,2,1,1,1,1,1,4,2,2,1,1,2,4,2,2,2,2,1,2,2,2,2,4,2,4,2,3,1,2,1,1,1,2,1,2,1,1,1,4,1,5.75,3.8,5.333333333,4.25,4.625,3.714285714
254,2,2,2,2,2,2,2,2,3,2,2,2,2,2,2,2,2,2,2,2,2,2,1,2,2,2,3,2,2,2,3,1,1,2,2,2,1,2,2,2,3,2,2,2,3,2,3,2,2,2,1,2,1,2,2,2,1,2,1,1,5.75,5.6,6,5.375,4.75,4.285714286
255,4,2,2,1,3,2,3,1,2,1,2,2,2,2,4,2,1,1,1,1,2,1,1,2,2,2,2,1,1,1,1,2,4,2,2,1,2,1,1,1,2,1,2,1,3,2,1,2,3,2,1,1,1,1,2,2,1,1,1,2,6,3.6,5.166666667,3.5,2.125,4.285714286
256,1,2,1,1,1,2,1,2,1,2,1,2,2,1,1,2,1,2,1,2,1,2,1,2,1,2,1,2,1,2,1,2,1,1,1,2,3,2,1,2,3,2,2,2,3,2,4,2,2,2,1,2,1,2,1,2,1,2,2,2,6,5.8,5.333333333,5.5,6,6
257,3,1,2,2,4,2,2,1,2,1,1,2,2,2,1,2,1,2,2,1,1,1,2,1,1,2,3,2,1,2,3,2,2,2,1,1,2,2,2,2,3,2,4,1,4,2,2,2,4,2,1,2,2,2,2,2,3,1,2,2,6,5.4,5.333333333,5.875,5.375,4.714285714
258,2,2,3,2,2,2,1,2,1,2,1,2,1,1,2,2,1,2,1,2,1,2,1,2,1,2,3,1,1,2,2,2,2,2,1,2,4,2,1,2,3,2,4,2,3,2,2,2,2,2,1,2,1,2,2,2,1,2,2,2,7,4.2,6,5.75,4.5,4.857142857
259,1,1,1,1,1,1,1,1,1,1,1,1,2,1,1,1,1,1,1,1,1,1,1,1,1,1,1,1,1,1,4,1,1,1,2,1,4,1,1,1,2,2,2,1,1,1,2,1,2,1,1,1,1,1,1,1,1,1,1,1,6,5.6,6.666666667,6.5,6.375,4.857142857
260,1,2,2,2,2,2,2,2,1,2,3,1,1,1,1,2,1,2,2,2,3,1,2,1,1,1,3,2,1,1,2,2,2,1,3,1,2,1,3,1,3,1,3,2,4,1,2,1,3,2,2,1,2,1,4,1,3,1,3,2,4.5,5.4,4.166666667,4.5,2.375,3.857142857
261,4,1,3,1,4,2,4,2,5,2,3,2,4,1,3,1,3,2,3,2,4,1,2,2,5,1,4,2,3,1,4,2,5,1,4,2,4,2,2,2,3,2,3,2,3,2,3,2,3,2,3,2,2,1,3,1,2,1,4,1,3,3,2.166666667,5.625,4.375,4.142857143
262,2,2,1,2,2,1,1,1,3,1,1,1,4,2,2,1,2,2,1,2,3,1,2,2,1,2,3,1,2,2,1,1,3,1,3,2,2,2,2,2,1,2,1,2,3,2,2,1,1,2,2,2,3,1,3,2,3,2,2,1,3,3,5,6.625,4,4.285714286
263,5,1,1,2,2,1,2,2,2,2,1,1,2,2,1,1,2,1,1,1,3,1,1,2,1,2,3,2,2,2,3,1,1,1,2,1,1,1,2,2,2,2,2,1,1,2,4,1,2,2,2,1,3,1,4,1,2,1,4,1,5.25,5.6,5,5.375,4.75,4
264,1,2,1,1,1,2,1,1,1,2,1,1,1,1,5,2,1,2,1,1,1,2,1,1,1,2,1,2,1,2,1,2,1,1,1,1,2,2,2,2,2,2,1,2,4,2,3,2,5,1,1,2,1,1,1,1,1,1,4,2,6,5.2,5.5,5.375,6.125,6
265,3,2,2,2,4,1,3,1,3,2,2,1,1,2,2,1,2,2,2,1,2,2,1,2,1,1,4,2,1,2,2,2,2,1,2,2,3,2,2,2,4,1,4,2,4,1,3,2,4,2,1,1,4,2,2,1,2,1,2,1,6.5,5,5.666666667,4.625,4.875,4.714285714
266,4,1,4,1,2,1,2,1,3,2,1,2,3,2,5,2,2,1,1,1,2,2,1,1,1,1,5,2,2,2,4,2,5,2,4,1,4,1,3,2,3,2,3,2,2,2,3,2,5,2,3,1,2,1,4,2,5,2,4,2,3,2.4,2.166666667,7,6.75,4.857142857
267,2,2,1,1,3,2,1,1,2,2,1,2,1,2,1,1,1,1,1,2,1,1,1,2,1,2,1,2,2,2,4,2,2,1,2,2,2,2,1,2,2,1,1,2,2,1,3,1,5,2,2,1,2,1,1,2,1,2,1,1,6,6,5.333333333,5.25,4.875,5.857142857
268,2,2,1,2,1,2,2,2,3,2,1,1,1,2,2,2,1,1,1,1,3,2,1,2,1,2,1,2,1,1,3,1,3,1,1,2,2,2,1,1,2,2,2,2,2,2,2,2,4,2,1,1,4,1,2,1,2,2,5,2,6.25,6,6.666666667,4.875,4.75,5.428571429
269,3,2,1,1,2,2,1,1,2,1,1,2,4,2,1,1,3,2,1,1,3,2,4,2,4,2,4,2,3,1,4,2,4,2,2,2,4,2,2,2,3,2,4,1,4,1,4,2,4,1,3,2,1,1,1,2,2,2,2,2,6.75,6,6,6.875,5.25,5
270,3,1,1,1,1,1,1,1,1,1,1,2,3,2,1,2,1,1,1,1,3,1,1,1,2,1,4,1,2,1,4,1,4,1,3,1,4,1,2,1,3,1,2,1,2,1,3,1,5,2,1,1,4,2,2,2,2,2,3,2,4.75,4.2,5.5,5,5,6.142857143
271,1,2,1,2,2,1,4,2,2,1,1,2,4,2,2,1,2,1,2,2,2,2,2,2,1,1,3,1,2,2,3,2,1,1,3,2,1,2,4,2,1,2,5,1,4,1,4,2,1,2,2,2,2,1,1,2,3,1,4,2,4,5.4,4.5,4.75,4.75,4.428571429
272,1,1,1,2,1,1,1,1,1,2,1,1,1,2,1,1,1,1,1,1,1,1,1,1,2,1,1,2,2,1,2,1,1,2,2,2,2,1,2,2,2,2,2,2,2,1,2,2,3,1,1,1,1,2,1,1,1,2,1,1,6.75,4.8,7,6.25,4.5,4.714285714
273,5,1,4,1,4,2,4,1,4,2,5,2,4,2,4,2,5,1,5,1,5,1,5,1,3,1,5,2,5,1,3,2,3,2,5,2,2,1,4,1,4,1,4,1,4,1,4,1,2,1,3,1,4,2,5,1,3,1,2,1,1,3,1,5.75,2,2.714285714
274,1,2,2,2,1,2,2,2,1,2,1,2,2,2,1,2,1,2,1,2,1,2,1,2,1,2,2,1,1,2,2,2,2,2,1,2,2,2,2,2,1,2,1,2,3,2,2,2,3,2,1,2,1,2,1,2,1,2,1,2,7,5.8,6.666666667,6.75,6,7
275,4,2,3,1,2,1,3,2,3,1,3,1,4,1,1,2,3,2,2,2,3,1,2,2,2,2,4,2,2,2,4,2,4,1,2,2,5,2,2,1,4,2,5,1,4,2,5,1,2,1,2,1,2,2,3,1,3,2,5,2,3.25,2.4,3.333333333,5.25,4.875,5.714285714
276,3,2,2,2,2,1,1,2,1,2,3,1,2,1,2,1,3,1,2,1,4,1,2,2,2,1,3,1,2,1,4,1,2,2,4,2,3,2,3,2,5,2,4,2,3,2,3,2,2,1,3,1,2,2,2,1,2,1,2,1,6,5.6,6.333333333,6.5,5.75,5
277,1,2,1,2,1,1,1,2,1,2,1,2,1,2,1,1,1,1,1,2,1,1,1,2,1,2,1,2,1,2,1,2,3,1,1,2,1,2,1,2,3,2,2,2,4,2,3,2,2,1,1,1,1,1,1,1,1,1,1,2,6.25,5.6,6.833333333,5.5,5.25,6.571428571
278,2,2,1,1,1,1,1,1,1,2,1,2,1,1,3,2,1,2,1,1,1,1,1,1,1,2,2,1,1,1,2,1,3,1,3,1,2,1,1,1,3,1,2,1,2,1,1,2,5,1,1,2,1,1,1,1,2,2,5,1,6,5.2,6.833333333,4.5,2.125,4.285714286
279,5,2,5,2,5,2,5,2,5,2,5,2,5,2,5,2,5,2,5,2,4,2,3,2,3,2,5,2,4,1,4,2,5,2,4,1,5,2,5,2,5,2,5,2,5,2,5,2,5,1,5,1,5,2,5,1,5,1,5,1,1,1,1.833333333,3.5,3.625,1.857142857
280,5,1,3,1,3,2,3,2,4,2,2,1,1,1,2,1,5,1,2,1,5,1,1,2,1,1,3,2,1,1,3,1,2,1,2,1,2,2,4,2,3,2,2,1,3,2,3,2,2,1,3,1,2,2,2,2,3,1,2,1,5.25,2.8,4.5,6.25,6.75,5.571428571
281,2,1,1,2,2,2,1,2,2,2,1,2,4,1,3,2,1,2,1,2,3,1,1,2,2,2,5,1,2,2,5,2,4,2,4,2,4,1,4,2,4,2,4,2,4,2,2,2,4,2,1,2,2,2,4,2,3,1,5,1,4.5,4.2,5.5,4.75,3.875,3.857142857
282,1,1,1,1,1,2,1,2,2,2,3,1,3,2,4,2,4,2,4,2,4,2,2,2,1,2,3,2,1,2,3,2,2,2,1,2,5,2,2,2,2,2,3,2,3,2,1,2,4,2,1,2,2,2,3,2,4,2,2,2,4.75,4.6,7,5.625,6.25,6
283,2,1,2,1,1,1,3,1,2,2,1,1,2,1,2,2,5,1,3,1,1,1,1,2,2,1,1,1,2,1,1,1,2,2,2,2,1,1,4,2,2,2,3,2,3,1,2,2,1,1,1,2,2,1,2,2,2,2,1,2,6.25,6.2,6.166666667,5.5,5.5,4.571428571
284,1,1,1,1,2,2,1,1,1,1,1,1,3,1,2,2,1,1,1,1,1,1,1,1,2,1,2,1,2,1,4,1,4,1,2,1,3,1,2,1,2,1,2,2,3,1,3,2,2,1,2,1,2,2,2,1,4,1,1,1,6.25,6,6,5.25,4.75,4.714285714
285,2,2,2,1,1,1,3,2,1,2,1,2,1,1,2,1,1,1,1,2,2,1,1,2,1,2,2,1,1,2,2,2,2,1,1,2,3,2,2,2,2,2,3,2,3,2,2,2,2,1,1,1,1,2,1,2,2,1,2,1,7,7,6.833333333,7,7,7
286,2,2,1,1,1,1,1,1,2,2,3,1,4,1,2,2,2,2,2,2,4,2,1,2,1,2,4,2,1,2,3,2,2,2,2,2,3,2,2,2,3,2,2,1,3,2,1,1,2,2,2,2,1,1,1,2,1,2,3,2,4.75,4.6,7,6.25,5.75,5
287,5,1,4,2,3,1,2,1,2,2,1,1,2,1,2,1,2,2,2,2,2,1,2,2,1,1,2,1,2,2,3,1,2,1,1,2,1,2,3,2,3,2,2,2,4,2,4,2,3,1,1,1,2,1,2,1,2,1,2,1,6.25,5.6,6.5,6.5,5.25,4.714285714
